Workbook

Sheet SITUATION14.15
A1: N° Com. | B1: ND | C1: S. Produit | D1: Etat | E1: Op | F1: Motif | G1: com. motif | H1: Délai(j) | I1: Intitulé client | J1: Contact client | K1: Adresse | L1: A
A2: DTLI70641411 | B2: 0529418093 | C2: RTC DTL | D2: VA | E2: NA | H2: 206.85321 | I2: WNA_ | J2: 0641373034 | K2: M'HAMID ,Lotissement Al Housna ,Porte 372 | L2: =VLOOKUP(A2,[1]MOTIF!$B:$F,1,0) -> #N/A
A3: DTLI70727850 | B3: 0529609744 | C3: RTC DTL | D3: VA | E3: NA | F3: CRI | H3: 181.73317 | I3: WNA_ | J3: 0671369895 | K3: BOUAAKAZ , Opération Bahia Sakane Imm 64 ,Numéro 19 | L3: =VLOOKUP(A3,[1]MOTIF!$B:$F,1,0) -> DTLI70727850
A4: DTLI70734641 | B4: 0529647012 | C4: RTC DTL | D4: VA | E4: NA | H4: 178.78765 | I4: WNA_ | J4: 0708917890 | K4: M'HAMID , Les jardins d Abrar GH3-Imm28 ,Numéro 29 | L4: =VLOOKUP(A4,[1]MOTIF!$B:$F,1,0) -> DTLI70734641
A5: DTLIO00BBED7 | B5: 0520960948 | C5: RTC DTL | D5: VA | E5: NA | H5: 173.19597 | I5: MARMT_ | J5: 0641080135 | K5: M'HAMID , Lotissement Berradi II ,Numéro 493 | L5: =VLOOKUP(A5,[1]MOTIF!$B:$F,1,0) -> DTLIO00BBED7
A6: DTLI70808185 | B6: 0529580630 | C6: RTC DTL | D6: VA | E6: NA | H6: 154.04946 | I6: WNA_ | J6: 0626972101 | K6: M'HAMID , Bloc 19 ,Numéro 725 | L6: =VLOOKUP(A6,[1]MOTIF!$B:$F,1,0) -> DTLI70808185
A7: DTLI70815011 | B7: 0529591519 | C7: RTC DTL | D7: VA | E7: NA | H7: 151.89081 | I7: WNA_ | J7: 0624096534 | K7: M'HAMID , Op Abwab Al Atlas Imm B3 ,Numéro 40 | L7: =VLOOKUP(A7,[1]MOTIF!$B:$F,1,0) -> DTLI70815011
A8: DTLI70822536 | B8: 0529410591 | C8: RTC DTL | D8: VA | E8: NA | H8: 149.10561 | I8: WNA_ | J8: 0696365109 | K8: BOUAAKAZ ,Bloc 12 ,Numéro 583 | L8: =VLOOKUP(A8,[1]MOTIF!$B:$F,1,0) -> DTLI70822536
A9: DTLI70823120 | B9: 0529429466 | C9: RTC DTL | D9: VA | E9: NA | H9: 148.98858 | I9: WNA_ | J9: 212661744871 | K9: BOUAAKAZ , Opération Bahia Sakane Imm 73 ,Numéro 1065 | L9: =VLOOKUP(A9,[1]MOTIF!$B:$F,1,0) -> DTLI70823120
A10: DTLI70831392 | B10: 0529432499 | C10: RTC DTL | D10: VA | E10: NA | H10: 146.85287 | I10: WNA_ | J10: 0694778288 | K10: Province M'HAMID ,Opération les Jardins d'Anas Imm E1 ,Numéro 18 | L10: =VLOOKUP(A10,[1]MOTIF!$B:$F,1,0) -> DTLI70831392
A11: DTLI70834878 | B11: 0529440893 | C11: RTC DTL | D11: VA | E11: NA | H11: 144.75255 | I11: WNA_ | J11: 212661940825 | K11: M'HAMID , Opération Diour Atlas Imm V ,Numéro 11 Bat imm w | L11: =VLOOKUP(A11,[1]MOTIF!$B:$F,1,0) -> DTLI70834878
A12: DTLI70848819 | B12: 0529445356 | C12: RTC DTL | D12: VA | E12: NA | H12: 140.86694 | I12: WNA_ | J12: 0669334904 | K12: M'HAMID , Les jardins d Abrar GH5-Imm47 ,Numéro 5 | L12: =VLOOKUP(A12,[1]MOTIF!$B:$F,1,0) -> #N/A
A13: DTLI70855365 | B13: 0529447317 | C13: RTC DTL | D13: VA | E13: NA | H13: 138.11986 | I13: WNA_ | J13: 212670423087 | K13: M'HAMID ,Lotissement Saada 2 ,Numéro 863 | L13: =VLOOKUP(A13,[1]MOTIF!$B:$F,1,0) -> DTLI70855365
A14: DTLIO00C5AD5 | B14: 0525294318 | C14: RTC DTL | D14: VA | E14: NA | H14: 137.87559 | I14: MARMT_ | J14: 0684466786 | K14: M'HAMID , Opération Diour Atlas Imm J ,Numéro 12 Bat IMM V | L14: =VLOOKUP(A14,[1]MOTIF!$B:$F,1,0) -> DTLIO00C5AD5
A15: DTLIO00C5738 | B15: 0525294069 | C15: RTC DTL | D15: VA | E15: NA | H15: 137.23554 | I15: MARMT_ | J15: 0634669071 | K15: M'HAMID ,Opération Al Bassatine Bloc A ,Numéro 1 Bat 15 | L15: =VLOOKUP(A15,[1]MOTIF!$B:$F,1,0) -> DTLIO00C5738
... A42: DTLI70994638 | B42: 0529712093 | C42: RTC DTL | D42: VA | E42: NA | H42: 89.045914 | I42: WNA_ | J42: 0648684341 | K42: M'HAMID ,Bloc 26 ,Numéro 1191 | L42: =VLOOKUP(A42,[1]MOTIF!$B:$F,1,0) -> DTLI70994638
A43: 99407301 | B43: 524379905 | C43: RTC | D43: VA | E43: NA | F43: EBST | H43: 88.204074 | I43: AOUTARABDELALI | J43: 0661746605 | K43: M'HAMID ,Bassatine Mrkch GH4-Imm 20U Mhamid9 ,Numéro 5 Etage 3
A44: DTLI70996673 | B44: 0529712877 | C44: RTC DTL | D44: VA | E44: NA | H44: 88.116748 | I44: WNA_ | J44: 212635710367 | K44: M'HAMID , Opération Salama GHI-Imm3 ,Numéro 3 Bat BLOC H IMM 03 | L44: =VLOOKUP(A44,[1]MOTIF!$B:$F,1,0) -> DTLI70996673
A45: DTLI70997241 | B45: 0529713551 | C45: RTC DTL | D45: VA | E45: NA | H45: 88.046771 | I45: WNA_ | J45: 0657162022 | K45: M'HAMID ,Lotissement Al Housna ,Numéro 464 | L45: =VLOOKUP(A45,[1]MOTIF!$B:$F,1,0) -> DTLI70997241
A46: DTLI70998954 | B46: 0529714279 | C46: RTC DTL | D46: VA | E46: NA | H46: 87.129711 | I46: WNA_ | J46: 212660971142 | K46: M'HAMID ,Lotissement Saada 1 ,Numéro 445 | L46: =VLOOKUP(A46,[1]MOTIF!$B:$F,1,0) -> DTLI70998954
A47: DTLI71003402 | B47: 0529715890 | C47: RTC DTL | D47: VA | E47: NA | H47: 85.687222 | I47: WNA_ | J47: 0601409696 | K47: M'HAMID , Lotissement M hamid 2 ,Numéro 1564 | L47: =VLOOKUP(A47,[1]MOTIF!$B:$F,1,0) -> DTLI71003402
A48: DTLI71014644 | B48: 0529719258 | C48: RTC DTL | D48: VA | E48: NA | H48: 80.723704 | I48: WNA_ | J48: 0663298214 | K48: BOUAAKAZ , Voie Inconnue ,Numéro RES KORTOBA IMM F N 8 | L48: =VLOOKUP(A48,[1]MOTIF!$B:$F,1,0) -> #N/A
A49: DTLI71030474 | B49: 0529724741 | C49: RTC DTL | D49: VA | E49: NA | H49: 72.159086 | I49: WNA_ | J49: 212632774634 | K49: M'HAMID , Lotissement M'hamid 9 ,Numéro 509 | L49: =VLOOKUP(A49,[1]MOTIF!$B:$F,1,0) -> DTLI71030474
A50: DTLI71034419 | B50: 0529726562 | C50: RTC DTL | D50: VA | E50: NA | H50: 70.882292 | I50: WNA_ | J50: 0616242750 | K50: M'HAMID , Opération Abwab Al Atlas Imm B6 ,Numéro 11 Bat IMM B9 | L50: =VLOOKUP(A50,[1]MOTIF!$B:$F,1,0) -> DTLI71034419
A51: DTLI71036742 | B51: 0529728168 | C51: RTC DTL | D51: VA | E51: NA | H51: 69.734653 | I51: WNA_ | J51: 0626372353 | K51: M'HAMID ,Lotissement M hamid 4 ,Numéro 499 | L51: =VLOOKUP(A51,[1]MOTIF!$B:$F,1,0) -> DTLI71036742
A52: DTLI02206624 | B52: 0529715759 | C52: RTC DTL | D52: VA | E52: NA | H52: 66.961725 | I52: WNA_ | J52: 212667237667 | K52: M'HAMID , Lotissement M hamid 2 ,Numéro 24 | L52: =VLOOKUP(A52,[1]MOTIF!$B:$F,1,0) -> DTLI02206624
A53: 99482279 | B53: 0524361444 | C53: RTC | D53: VA | E53: TR | H53: 65.261377 | I53: EDDACHRAOUIFATIMA | J53: 000000000 | K53: M'HAMID ,Op-Jardins des Orangier Imm D2 ,Etage 1 Porte 8
A54: DTLI71045690 | B54: 0529717351 | C54: RTC DTL | D54: VA | E54: NA | H54: 65.200914 | I54: WNA_ | J54: 0701201631 | K54: M'HAMID ,Lotissement Adrar I ,Numéro 60 | L54: =VLOOKUP(A54,[1]MOTIF!$B:$F,1,0) -> DTLI71045690
A55: DTLI02206981 | B55: 0529737462 | C55: RTC DTL | D55: VA | E55: NA | H55: 60.855185 | I55: WNA_ | J55: 212630870058 | K55: M'HAMID ,Lotissement Saada 1 ,Numéro 368 | L55: =VLOOKUP(A55,[1]MOTIF!$B:$F,1,0) -> DTLI02206981
A56: DTLI71057362 | B56: 0529720428 | C56: RTC DTL | D56: VA | E56: NA | F56: TRSA | G56: TR saturé Mha:142 | H56: 60.799606 | I56: WNA_ | J56: 212663804910 | K56: BOUAAKAZ , Opération Bahia Sakane Imm 69 ,Numéro 3220 | L56: =VLOOKUP(A56,[1]MOTIF!$B:$F,1,0) -> DTLI71057362
A57: DTLI71065037 | B57: 0529740107 | C57: RTC DTL | D57: VA | E57: NA | H57: 58.896493 | I57: WNA_ | J57: 0662845144 | K57: OPERATION DOHA BORJ AZZAYTOUN , Immeuble GH01-004 ,Numéro imm 4 Bat 10 | L57: =VLOOKUP(A57,[1]MOTIF!$B:$F,1,0) -> DTLI71065037
A58: DTLIO00DA619 | B58: 0525316158 | C58: RTC DTL | D58: VA | E58: NA | H58: 58.167072 | I58: MARMT_ | J58: 0615334752 | K58: M'HAMID ,Résidence Noha GH3 Imm 4 ,Numéro 45 Bat 15 | L58: =VLOOKUP(A58,[1]MOTIF!$B:$F,1,0) -> DTLIO00DA619
A59: DTLI71068038 | B59: 0529590306 | C59: RTC DTL | D59: VA | E59: NA | H59: 58.155243 | I59: WNA_ | J59: 212661183621 | K59: M'HAMID , Opération les Jardins d'Anas ,Numéro imm o Bat 1 | L59: =VLOOKUP(A59,[1]MOTIF!$B:$F,1,0) -> DTLI71068038
A60: DTLI71070897 | B60: 0529440699 | C60: RTC DTL | D60: VA | E60: NA | H60: 57.142361 | I60: WNA_ | J60: 0771555499 | K60: M'HAMID ,Lotissement M'hamid 9 ,Numéro 74 | L60: =VLOOKUP(A60,[1]MOTIF!$B:$F,1,0) -> DTLI71070897
A61: DTLI71074202 | B61: 0529744104 | C61: RTC DTL | D61: VA | E61: NA | H61: 56.008264 | I61: WNA_ | J61: 0662778805 | K61: M'HAMID ,Lotissement M hamid 5 ,Numéro 1066 | L61: =VLOOKUP(A61,[1]MOTIF!$B:$F,1,0) -> DTLI71074202
A62: DTLI71078058 | B62: 0529737599 | C62: RTC DTL | D62: VA | E62: NA | H62: 53.883322 | I62: WNA_ | J62: 212626288009 | K62: M'HAMID , Opération El Bahja ,Numéro 9 | L62: =VLOOKUP(A62,[1]MOTIF!$B:$F,1,0) -> DTLI71078058
A63: DTLIO00DBB63 | B63: 0525317504 | C63: RTC DTL | D63: VA | E63: NA | H63: 52.96162 | I63: MARMT_ | J63: 0670417703 | K63: M'HAMID ,Lotissement Maatallah ,Numéro 2257 Bat 15 | L63: =VLOOKUP(A63,[1]MOTIF!$B:$F,1,0) -> #N/A
A64: DTLI71081239 | B64: 0529744272 | C64: RTC DTL | D64: VA | E64: NA | H64: 52.208738 | I64: WNA_ | J64: 212696175750 | K64: M'HAMID , Opération Borj Ali Imm A M'hamid 9 ,Numéro 5 | L64: =VLOOKUP(A64,[1]MOTIF!$B:$F,1,0) -> #N/A
A65: DTLI71082468 | B65: 0529451947 | C65: RTC DTL | D65: VA | E65: NA | H65: 51.962326 | I65: WNA_ | J65: 0666732403 | K65: M'HAMID ,Lotissement Maatallah ,Numéro 74 | L65: =VLOOKUP(A65,[1]MOTIF!$B:$F,1,0) -> DTLI71082468
A66: DTLI71086760 | B66: 0529751247 | C66: RTC DTL | D66: VA | E66: NA | H66: 50.977454 | I66: WNA_ | J66: 0633211649 | K66: M'HAMID , Lotissement Berradi II ,Numéro 610 | L66: =VLOOKUP(A66,[1]MOTIF!$B:$F,1,0) -> DTLI71086760
A67: DTLIO00DC6B5 | B67: 0525318295 | C67: RTC DTL | D67: VA | E67: NA | H67: 50.197535 | I67: MARMT_ | J67: 0767644178 | K67: BOUAAKAZ ,Lotissement Zerktouni ,Numéro 976 Bat 15 | L67: =VLOOKUP(A67,[1]MOTIF!$B:$F,1,0) -> DTLIO00DC6B5
A68: DTLI71088197 | B68: 0529750638 | C68: RTC DTL | D68: VA | E68: NA | H68: 50.196956 | I68: WNA_ | J68: 212606166875 | K68: M'HAMID ,Lotissement M'hamid 9 ,Numéro 1124 | L68: =VLOOKUP(A68,[1]MOTIF!$B:$F,1,0) -> DTLI71088197
... A75: DTLIO00DDF13 | B75: 0525320345 | C75: RTC DTL | D75: VA | E75: NA | H75: 43.181701 | I75: MARMT_ | J75: 0607032971 | K75: M'HAMID ,Lotissement Berradi II ,Numéro 191 Bat 15 | L75: =VLOOKUP(A75,[1]MOTIF!$B:$F,1,0) -> #N/A
A76: 99569569 | B76: 0524372628 | C76: RTC | D76: VA | E76: NA | F76: BZND | H76: 42.964838 | I76: ESSAHELOUAFA | J76: 0684912395 | K76: M'HAMID ,Opération El Bahja ,Numéro 10
A77: DTLIO00DE1CA | B77: 0525320651 | C77: RTC DTL | D77: VA | E77: NA | H77: 42.946169 | I77: MARMT_ | J77: 0644780058 | K77: M'HAMID , Lotissement Saada 2 ,Numéro 1717 | L77: =VLOOKUP(A77,[1]MOTIF!$B:$F,1,0) -> DTLIO00DE1CA
A78: DTLIO00DE079 | B78: 0525320421 | C78: RTC DTL | D78: VA | E78: NA | H78: 42.26353 | I78: MARMT_ | J78: 0783882579 | K78: M'HAMID ,Lotissement M'hamid 9 ,Numéro 709 | L78: =VLOOKUP(A78,[1]MOTIF!$B:$F,1,0) -> #N/A
A79: DTLIO00DDE05 | B79: 0525320256 | C79: RTC DTL | D79: VA | E79: NA | H79: 42.26287 | I79: MARMT_ | J79: 0634669071 | K79: M'HAMID , Bassatine Mrkch GH11 ,Numéro imm 4 Bat 6 | L79: =VLOOKUP(A79,[1]MOTIF!$B:$F,1,0) -> DTLIO00DDE05
A80: DTLIO00DE3C6 | B80: 0525320877 | C80: RTC DTL | D80: VA | E80: NA | H80: 42.253079 | I80: MARMT_ | J80: 0698415124 | K80: M'HAMID , Opération Alittifaq ,Numéro IMM J Bat 12 | L80: =VLOOKUP(A80,[1]MOTIF!$B:$F,1,0) -> DTLIO00DE3C6
A81: DTLI71107344 | B81: 0529759152 | C81: RTC DTL | D81: VA | E81: NA | H81: 40.934745 | I81: WNA_ | J81: 212602145234 | K81: BOUAAKAZ , Opération Miftah Atlass Imm 01 ,Numéro 2 | L81: =VLOOKUP(A81,[1]MOTIF!$B:$F,1,0) -> DTLI71107344
A82: DTLIO00DE768 | B82: 0525321126 | C82: RTC DTL | D82: VA | E82: NA | H82: 40.24147 | I82: MARMT_ | J82: 0654894247 | K82: MARRAKECH MEDINA ,MARRAKECH MEDINA ,Quartier Inconnue ,Voie Inconnue ,Numéro 492 Bat 16 | L82: =VLOOKUP(A82,[1]MOTIF!$B:$F,1,0) -> DTLIO00DE768
A83: DTLI71108239 | B83: 0529755943 | C83: RTC DTL | D83: VA | E83: NA | H83: 40.106343 | I83: WNA_ | J83: 212635552764 | K83: M'HAMID , Lotissement M hamid 7 ,Numéro 30 | L83: =VLOOKUP(A83,[1]MOTIF!$B:$F,1,0) -> DTLI71108239
A84: DTLIO00DEAA0 | B84: 0525321362 | C84: RTC DTL | D84: VA | E84: NA | H84: 39.945625 | I84: MARMT_ | J84: 0710369110 | K84: M'HAMID ,Lotissement Saada 2 ,Numéro 854 Bat 15 | L84: =VLOOKUP(A84,[1]MOTIF!$B:$F,1,0) -> #N/A
A85: DTLIO00DEBDC | B85: 0525321374 | C85: RTC DTL | D85: VA | E85: NA | H85: 39.828056 | I85: MARMT_ | J85: 0680674060 | K85: M'HAMID ,Lotissement Maatallah ,Numéro 425 Bat 15 | L85: =VLOOKUP(A85,[1]MOTIF!$B:$F,1,0) -> #N/A
A86: DTLI71110381 | B86: 0529759244 | C86: RTC DTL | D86: VA | E86: NA | H86: 39.654595 | I86: WNA_ | J86: 0696987149 | K86: OPERATION DOHA BORJ AZZAYTOUN , Mag Opération Doha Borj Azzaytoun ,Numéro 294 | L86: =VLOOKUP(A86,[1]MOTIF!$B:$F,1,0) -> DTLI71110381
A87: DTLI71111924 | B87: 0529760823 | C87: RTC DTL | D87: VA | E87: NA | H87: 39.005938 | I87: WNA_ | J87: 212700180323 | K87: M'HAMID ,Lotissement Nahda ,Numéro 1085 Bat 1 Esc 11 Etage 1 Porte 1 | L87: =VLOOKUP(A87,[1]MOTIF!$B:$F,1,0) -> #N/A
A88: DTLI71111929 | B88: 0529761384 | C88: RTC DTL | D88: VA | E88: NA | H88: 39.004201 | I88: WNA_ | J88: 212603261426 | K88: M'HAMID ,Lotissement Al Housna ,Numéro 320 | L88: =VLOOKUP(A88,[1]MOTIF!$B:$F,1,0) -> DTLI71111929
... A96: DTLIO00DF940 | B96: 0525322526 | C96: RTC DTL | D96: VA | E96: NA | H96: 36.872581 | I96: MARMT_ | J96: 0603822020 | K96: M'HAMID ,Lotissement Nahda ,Numéro 518 | L96: =VLOOKUP(A96,[1]MOTIF!$B:$F,1,0) -> #N/A
A97: DTLI71121698 | B97: 0529765307 | C97: RTC DTL | D97: VA | E97: NA | F97: CSEC | G97: msn doha 3 sature | H97: 34.927465 | I97: WNA_ | J97: 212658211025 | K97: OPERATION DOHA ,Voie Inconnue , | L97: =VLOOKUP(A97,[1]MOTIF!$B:$F,1,0) -> DTLI71121698
A98: DTLI71122646 | B98: 0529765255 | C98: RTC DTL | D98: VA | E98: NA | H98: 33.864572 | I98: WNA_ | J98: 212719524243 | K98: M'HAMID ,Lotissement M hamid 7 ,Numéro 506 | L98: =VLOOKUP(A98,[1]MOTIF!$B:$F,1,0) -> DTLI71122646
A99: DTLI71123851 | B99: 0529766065 | C99: RTC DTL | D99: VA | E99: NA | H99: 33.010093 | I99: WNA_ | J99: 0604305132 | K99: BOUAAKAZ ,Lotissement Zerktouni ,Numéro 631 | L99: =VLOOKUP(A99,[1]MOTIF!$B:$F,1,0) -> DTLI71123851
A100: 99616515 | B100: 0524206911 | C100: RTC | D100: VA | E100: RM | H100: 32.991574 | I100: ABOURIALKHADIJA | J100: 0630648780 | K100: M'HAMID ,Les jardins d Abrar GH6-Imm53 ,Numéro 12
A101: DTLI71124249 | B101: 0529766611 | C101: RTC DTL | D101: VA | E101: NA | H101: 32.935289 | I101: WNA_ | J101: 212666452864 | K101: M'HAMID , Opération El Bahja Imm 16 ,Numéro 16 | L101: =VLOOKUP(A101,[1]MOTIF!$B:$F,1,0) -> DTLI71124249
A102: DTLI71127369 | B102: 0529766819 | C102: RTC DTL | D102: VA | E102: NA | H102: 31.916458 | I102: WNA_ | J102: 212674068447 | K102: M'HAMID ,Lotissement M hamid 4 ,Numéro 236 | L102: =VLOOKUP(A102,[1]MOTIF!$B:$F,1,0) -> #N/A
A103: DTLIO00E0425 | B103: 0525323624 | C103: RTC DTL | D103: VA | E103: NA | H103: 31.895139 | I103: MARMT_ | J103: 0620309026 | K103: M'HAMID , Opération Eddarraz Imm 94 ,Numéro 6 Bat IMM 95 | L103: =VLOOKUP(A103,[1]MOTIF!$B:$F,1,0) -> DTLIO00E0425
A104: DTLI71130804 | B104: 0529767762 | C104: RTC DTL | D104: VA | E104: NA | H104: 31.102303 | I104: WNA_ | J104: 212629236071 | K104: M'HAMID ,Lotissement Saada 1 ,Numéro 1 | L104: =VLOOKUP(A104,[1]MOTIF!$B:$F,1,0) -> DTLI71130804
A105: DTLIO00DE707 | B105: 0525321080 | C105: RTC DTL | D105: VA | E105: NA | F105: TRSA | G105: TT Satué Mha11 | H105: 30.085961 | I105: MARMT_ | J105: 0640447116 | K105: SIDI YOUSSEF BEN ALI ,HARBIL ,TAMANSOURTE ,Riad Atlas ,Numéro Bat 17 | L105: =VLOOKUP(A105,[1]MOTIF!$B:$F,1,0) -> DTLIO00DE707
A106: DTLI71138243 | B106: 0529770402 | C106: RTC DTL | D106: VA | E106: NA | H106: 29.001123 | I106: WNA_ | J106: 212609184042 | K106: M'HAMID ,Lotissement M hamid 4 ,Numéro 287 | L106: =VLOOKUP(A106,[1]MOTIF!$B:$F,1,0) -> DTLI71138243
A107: DTLI71138250 | B107: 0529770480 | C107: RTC DTL | D107: VA | E107: NA | H107: 28.999884 | I107: WNA_ | J107: 212676725369 | K107: BOUAAKAZ ,Bloc 16 ,Numéro 912 | L107: =VLOOKUP(A107,[1]MOTIF!$B:$F,1,0) -> DTLI71138250
A108: DTLIO00E1AA5 | B108: 0525325690 | C108: RTC DTL | D108: VA | E108: NA | H108: 28.062153 | I108: MARMT_ | J108: 0606555555 | K108: M'HAMID ,Résidence Izdihar 2 Imm 8 Mhamid 9 ,Numéro 14 Bat 15 | L108: =VLOOKUP(A108,[1]MOTIF!$B:$F,1,0) -> DTLIO00E1AA5
A109: DTLI71140118 | B109: 0529771561 | C109: RTC DTL | D109: VA | E109: NA | H109: 28.058194 | I109: WNA_ | J109: 212604959583 | K109: M'HAMID , Opération les Jardins d'Anas Imm I ,Numéro 8 | L109: =VLOOKUP(A109,[1]MOTIF!$B:$F,1,0) -> DTLI71140118
A110: DTLI71140259 | B110: 0529771793 | C110: RTC DTL | D110: VA | E110: NA | H110: 27.990961 | I110: WNA_ | J110: 212671607081 | K110: M'HAMID , Opération Badr 2 Imm 1 ,Numéro 8 | L110: =VLOOKUP(A110,[1]MOTIF!$B:$F,1,0) -> DTLI71140259
A111: DTLIO00E1D56 | B111: 0525325888 | C111: RTC DTL | D111: VA | E111: NA | H111: 26.162535 | I111: MARMT_ | J111: 0615059965 | K111: BOUAAKAZ , Opération Hadaiq Chrifia ,Numéro imm 120 Bat 7 | L111: =VLOOKUP(A111,[1]MOTIF!$B:$F,1,0) -> DTLIO00E1D56
A112: DTLI71143707 | B112: 0529758031 | C112: RTC DTL | D112: VA | E112: NA | H112: 26.086528 | I112: WNA_ | J112: 212660680385 | K112: BOUAAKAZ ,Bloc 16 ,Numéro 947 | L112: =VLOOKUP(A112,[1]MOTIF!$B:$F,1,0) -> DTLI71143707
A113: DTLI71146791 | B113: 0529770662 | C113: RTC DTL | D113: VA | E113: NA | H113: 25.201806 | I113: WNA_ | J113: 212630359681 | K113: M'HAMID , Lotissement M hamid 7 ,Numéro 32 | L113: =VLOOKUP(A113,[1]MOTIF!$B:$F,1,0) -> DTLI71146791
A114: DTLIO00E227D | B114: 0525326377 | C114: RTC DTL | D114: VA | E114: NA | H114: 25.147326 | I114: MARMT_ | J114: 0671881457 | K114: OPERATION DOHA BORJ AZZAYTOUN , Immeuble GH11-AO73 ,Numéro imm 73 Bat 11 | L114: =VLOOKUP(A114,[1]MOTIF!$B:$F,1,0) -> DTLIO00E227D
A115: DTLIO00E23EA | B115: 0525326488 | C115: RTC DTL | D115: VA | E115: NA | H115: 25.009549 | I115: MARMT_ | J115: 0697935241 | K115: LAKSOUR ,Lotissement EL Baraka ,Numéro 1 Bat 15 | L115: =VLOOKUP(A115,[1]MOTIF!$B:$F,1,0) -> DTLIO00E23EA
A116: DTLI02223466 | B116: 0529592534 | C116: RTC DTL | D116: VA | E116: NA | F116: TB | H116: 24.901667 | I116: WNA_ | J116: 0666856212 | K116: M'HAMID , Dispenssaire M hamid ,Numéro 1 Porte SAID | L116: =VLOOKUP(A116,[1]MOTIF!$B:$F,1,0) -> DTLI02223466
A117: DTLIO00E2456 | B117: 0525326527 | C117: RTC DTL | D117: VA | E117: NA | H117: 24.854873 | I117: MARMT_ | J117: 0663560555 | K117: M'HAMID , Jawharat M'haimid GH1 Imm 2 ,Numéro imm 1 Bat 21 | L117: =VLOOKUP(A117,[1]MOTIF!$B:$F,1,0) -> DTLIO00E2456
A118: DTLIO00E283B | B118: 0525326864 | C118: RTC DTL | D118: VA | E118: NA | H118: 24.018021 | I118: MARMT_ | J118: 0631623910 | K118: M'HAMID ,Lotissement M'hamid 9 ,Numéro 725 | L118: =VLOOKUP(A118,[1]MOTIF!$B:$F,1,0) -> DTLIO00E283B
A119: DTLI71150548 | B119: 0529775700 | C119: RTC DTL | D119: VA | E119: NA | H119: 23.842662 | I119: WNA_ | J119: 212704987521 | K119: M'HAMID , Bassatine Mrkch GH4-Imm 18S Mhamid9 ,Numéro imm S Bat 62 | L119: =VLOOKUP(A119,[1]MOTIF!$B:$F,1,0) -> DTLI71150548
A120: DTLIO00E2C96 | B120: 0525327231 | C120: RTC DTL | D120: VA | E120: NA | F120: TRSA | G120: TT Saturé Mha157 | H120: 23.019306 | I120: MARMT_ | J120: 0654207778 | K120: Province M'HAMID ,Lotissement Houman El Fetouaki ,Numéro 322 | L120: =VLOOKUP(A120,[1]MOTIF!$B:$F,1,0) -> DTLIO00E2C96
A121: DTLI71154554 | B121: 0529776788 | C121: RTC DTL | D121: VA | E121: NA | H121: 22.972697 | I121: WNA_ | J121: 212762506532 | K121: M'HAMID ,Lotissement Nahda ,Numéro 1097 | L121: =VLOOKUP(A121,[1]MOTIF!$B:$F,1,0) -> DTLI71154554
A122: DTLI71154555 | B122: 0529777062 | C122: RTC DTL | D122: VA | E122: NA | F122: TRSA | G122: TT Saturé Mha11 | H122: 22.972141 | I122: WNA_ | J122: 212629174402 | K122: M'HAMID ,Lotissement Nahda ,Numéro 1097 | L122: =VLOOKUP(A122,[1]MOTIF!$B:$F,1,0) -> DTLI71154555
A123: DTLI71155350 | B123: 0529776934 | C123: RTC DTL | D123: VA | E123: NA | H123: 22.750451 | I123: WNA_ | J123: 0616038664 | K123: OPERATION AL ITTIFAQ ,Immeuble A3 ,Numéro 12 | L123: =VLOOKUP(A123,[1]MOTIF!$B:$F,1,0) -> DTLI71155350
A124: DTLIO00E2D7C | B124: 0525327299 | C124: RTC DTL | D124: VA | E124: NA | H124: 22.241377 | I124: MARMT_ | J124: 0661638806 | K124: M'HAMID ,Lotissement Al Amane ,Numéro 341 Bat 15 | L124: =VLOOKUP(A124,[1]MOTIF!$B:$F,1,0) -> DTLIO00E2D7C
A125: DFOIM00MB0M20HJ | B125: 0525326806 | C125: GPON DFO | D125: VA | E125: NA | H125: 22.203322 | I125: MARMT_ | J125: 0707727206 | K125: M'HAMID ,Bassatine Mrkch GH4-Imm 26O Mhamid9 ,Numéro -2
A126: DTLI71155943 | B126: 0529778582 | C126: RTC DTL | D126: VA | E126: NA | F126: TRSA | G126: DTLI71155943 | H126: 22.181644 | I126: WNA_ | J126: 212600957318 | K126: M'HAMID ,Lotissement M hamid 4 , | L126: =VLOOKUP(A126,[1]MOTIF!$B:$F,1,0) -> DTLI71155943
A127: DTLI71156194 | B127: 0529778220 | C127: RTC DTL | D127: VA | E127: NA | H127: 22.148808 | I127: WNA_ | J127: 0611171699 | K127: M'HAMID , Ain Souna Imm A1 ,Numéro imm A7 Bat 12 | L127: =VLOOKUP(A127,[1]MOTIF!$B:$F,1,0) -> DTLI71156194
A128: 99668028 | B128: 0524372507 | C128: RTC | D128: VA | E128: NA | F128: TRSA | G128: TT SaturÃ© Mha152 | H128: 21.999572 | I128: ABRAR VISION | J128: 0663088446 | K128: M'HAMID ,Les jardins d Abrar GH1-Imm8 ,Numéro 49
A129: 99668760 | B129: 0524208087 | C129: RTC | D129: VA | E129: NA | H129: 21.94544 | I129: TOUILIISMAIL | J129: 0621116098 | K129: M'HAMID ,Résidence Noha Imm 2 ,Numéro 1
A130: DTLIO00E31E9 | B130: 0525327632 | C130: RTC DTL | D130: VA | E130: NA | F130: TRSA | G130: TT Saturé Mha143 | H130: 21.912789 | I130: MARMT_ | J130: 0721144144 | K130: BOUAAKAZ , Lotissement Les Jardins Chrifia ,Numéro imm 92 Bat 9 | L130: =VLOOKUP(A130,[1]MOTIF!$B:$F,1,0) -> DTLIO00E31E9
A131: DTLI71156919 | B131: 0529778859 | C131: RTC DTL | D131: VA | E131: NA | H131: 21.89794 | I131: WNA_ | J131: 212637388644 | K131: M'HAMID ,Ain Souna Imm C4 ,Numéro 3 | L131: =VLOOKUP(A131,[1]MOTIF!$B:$F,1,0) -> DTLI71156919
A132: DTLI71157297 | B132: 0529779554 | C132: RTC DTL | D132: VA | E132: NA | H132: 21.755868 | I132: WNA_ | J132: 212654622701 | K132: M'HAMID , Opération Diour Atlas Imm T ,Numéro 4 | L132: =VLOOKUP(A132,[1]MOTIF!$B:$F,1,0) -> DTLI71157297
A133: DTLIO00E340B | B133: 0525502174 | C133: RTC DTL | D133: VA | E133: NA | F133: TRSA | G133: TT Saturé Mha157 | H133: 21.145058 | I133: MARMT_ | J133: 0662152598 | K133: M'HAMID ,Lotissement Houman El Fetouaki ,Numéro 336 Bat 15 | L133: =VLOOKUP(A133,[1]MOTIF!$B:$F,1,0) -> DTLIO00E340B
A134: DFOIM00MB24X88K | B134: 0525327423 | C134: GPON DFO | D134: VA | E134: NA | H134: 21.137361 | I134: MARMT_ | J134: 0610861395 | K134: Province M'HAMID ,Lotissement El Goumi ,Numéro 125
A135: DTLI71160057 | B135: 0529779741 | C135: RTC DTL | D135: VA | E135: NA | H135: 21.105255 | I135: WNA_ | J135: 212661864289 | K135: OPERATION GHARNATA ,Immeuble G ,Numéro 9 | L135: =VLOOKUP(A135,[1]MOTIF!$B:$F,1,0) -> #N/A
A136: DTLI71160239 | B136: 0529775332 | C136: RTC DTL | D136: VA | E136: NA | H136: 21.051632 | I136: WNA_ | J136: 0671816189 | K136: BOUAAKAZ ,Lotissement Zerktouni ,Porte 1085 | L136: =VLOOKUP(A136,[1]MOTIF!$B:$F,1,0) -> DTLI71160239
A137: DFOIM00MB2BBVUG | B137: 0525326748 | C137: GPON DFO | D137: VA | E137: NA | H137: 21.012755 | I137: MARMT_ | J137: 0639224334 | K137: M'HAMID ,College M'hamid 9 ,Numéro -2
A138: DTLI02223928 | B138: 0529596059 | C138: RTC DTL | D138: VA | E138: NA | H138: 20.960509 | I138: WNA_ | J138: 212674294294 | K138: M'HAMID , Opération les Jardins d'Anas Imm R ,Numéro 9 | L138: =VLOOKUP(A138,[1]MOTIF!$B:$F,1,0) -> #N/A
A139: DTLI71160547 | B139: 0529779827 | C139: RTC DTL | D139: VA | E139: NA | H139: 20.926435 | I139: WNA_ | J139: 212678868644 | K139: M'HAMID , Opération El Bahja ,Numéro 2 Porte SAID | L139: =VLOOKUP(A139,[1]MOTIF!$B:$F,1,0) -> DTLI71160547
...

Sheet SITUATION16
A1: N° Com. | B1: ND | C1: S. Produit | D1: Etat | E1: Op | F1: Motif | G1: com. motif | H1: Délai(j) | I1: Intitulé client | J1: Contact client | K1: Adresse | L1: A
A2: DTLI70641411 | B2: 0529418093 | C2: RTC DTL | D2: VA | E2: NA | H2: 208.5136 | I2: WNA_ | J2: 0641373034 | K2: M'HAMID ,Lotissement Al Housna ,Porte 372 | L2: =VLOOKUP(A2,#REF!,1,0) -> #REF!
A3: DTLI70727850 | B3: 0529609744 | C3: RTC DTL | D3: VA | E3: NA | F3: CRI | H3: 183.39356 | I3: WNA_ | J3: 0671369895 | K3: BOUAAKAZ , Opération Bahia Sakane Imm 64 ,Numéro 19 | L3: =VLOOKUP(A3,#REF!,1,0) -> #REF!
A4: DTLI70734641 | B4: 0529647012 | C4: RTC DTL | D4: VA | E4: NA | H4: 180.44804 | I4: WNA_ | J4: 0708917890 | K4: M'HAMID , Les jardins d Abrar GH3-Imm28 ,Numéro 29 | L4: =VLOOKUP(A4,#REF!,1,0) -> #REF!
A5: DTLIO00BBED7 | B5: 0520960948 | C5: RTC DTL | D5: VA | E5: NA | H5: 174.85637 | I5: MARMT_ | J5: 0641080135 | K5: M'HAMID , Lotissement Berradi II ,Numéro 493 | L5: =VLOOKUP(A5,#REF!,1,0) -> #REF!
A6: DTLI70808185 | B6: 0529580630 | C6: RTC DTL | D6: VA | E6: NA | H6: 155.70985 | I6: WNA_ | J6: 0626972101 | K6: M'HAMID , Bloc 19 ,Numéro 725 | L6: =VLOOKUP(A6,#REF!,1,0) -> #REF!
A7: DTLI70815011 | B7: 0529591519 | C7: RTC DTL | D7: VA | E7: NA | H7: 153.5512 | I7: WNA_ | J7: 0624096534 | K7: M'HAMID , Op Abwab Al Atlas Imm B3 ,Numéro 40 | L7: =VLOOKUP(A7,#REF!,1,0) -> #REF!
A8: DTLI70822536 | B8: 0529410591 | C8: RTC DTL | D8: VA | E8: NA | H8: 150.76601 | I8: WNA_ | J8: 0696365109 | K8: BOUAAKAZ ,Bloc 12 ,Numéro 583 | L8: =VLOOKUP(A8,#REF!,1,0) -> #REF!
A9: DTLI70823120 | B9: 0529429466 | C9: RTC DTL | D9: VA | E9: NA | H9: 150.64897 | I9: WNA_ | J9: 212661744871 | K9: BOUAAKAZ , Opération Bahia Sakane Imm 73 ,Numéro 1065 | L9: =VLOOKUP(A9,#REF!,1,0) -> #REF!
A10: DTLI70831392 | B10: 0529432499 | C10: RTC DTL | D10: VA | E10: NA | H10: 148.51326 | I10: WNA_ | J10: 0694778288 | K10: Province M'HAMID ,Opération les Jardins d'Anas Imm E1 ,Numéro 18 | L10: =VLOOKUP(A10,#REF!,1,0) -> #REF!
A11: DTLI70834878 | B11: 0529440893 | C11: RTC DTL | D11: VA | E11: NA | H11: 146.41294 | I11: WNA_ | J11: 212661940825 | K11: M'HAMID , Opération Diour Atlas Imm V ,Numéro 11 Bat imm w | L11: =VLOOKUP(A11,#REF!,1,0) -> #REF!
A12: DTLI70848819 | B12: 0529445356 | C12: RTC DTL | D12: VA | E12: NA | H12: 142.52734 | I12: WNA_ | J12: 0669334904 | K12: M'HAMID , Les jardins d Abrar GH5-Imm47 ,Numéro 5 | L12: =VLOOKUP(A12,#REF!,1,0) -> #REF!
A13: DTLI70855365 | B13: 0529447317 | C13: RTC DTL | D13: VA | E13: NA | H13: 139.78025 | I13: WNA_ | J13: 212670423087 | K13: M'HAMID ,Lotissement Saada 2 ,Numéro 863 | L13: =VLOOKUP(A13,#REF!,1,0) -> #REF!
A14: DTLIO00C5AD5 | B14: 0525294318 | C14: RTC DTL | D14: VA | E14: NA | H14: 139.53598 | I14: MARMT_ | J14: 0684466786 | K14: M'HAMID , Opération Diour Atlas Imm J ,Numéro 12 Bat IMM V | L14: =VLOOKUP(A14,#REF!,1,0) -> #REF!
A15: DTLIO00C5738 | B15: 0525294069 | C15: RTC DTL | D15: VA | E15: NA | H15: 138.89594 | I15: MARMT_ | J15: 0634669071 | K15: M'HAMID ,Opération Al Bassatine Bloc A ,Numéro 1 Bat 15 | L15: =VLOOKUP(A15,#REF!,1,0) -> #REF!
... A42: DTLI70994638 | B42: 0529712093 | C42: RTC DTL | D42: VA | E42: NA | H42: 90.706308 | I42: WNA_ | J42: 0648684341 | K42: M'HAMID ,Bloc 26 ,Numéro 1191 | L42: =VLOOKUP(A42,#REF!,1,0) -> #REF!
A43: 99407301 | B43: 0524379905 | C43: RTC | D43: VA | E43: NA | F43: EBST | H43: 89.864468 | I43: AOUTARABDELALI | J43: 0661746605 | K43: M'HAMID ,Bassatine Mrkch GH4-Imm 20U Mhamid9 ,Numéro 5 Etage 3
A44: DTLI70996673 | B44: 0529712877 | C44: RTC DTL | D44: VA | E44: NA | H44: 89.777141 | I44: WNA_ | J44: 212635710367 | K44: M'HAMID , Opération Salama GHI-Imm3 ,Numéro 3 Bat BLOC H IMM 03 | L44: =VLOOKUP(A44,#REF!,1,0) -> #REF!
A45: DTLI70997241 | B45: 0529713551 | C45: RTC DTL | D45: VA | E45: NA | H45: 89.707164 | I45: WNA_ | J45: 0657162022 | K45: M'HAMID ,Lotissement Al Housna ,Numéro 464 | L45: =VLOOKUP(A45,#REF!,1,0) -> #REF!
A46: DTLI70998954 | B46: 0529714279 | C46: RTC DTL | D46: VA | E46: NA | H46: 88.790104 | I46: WNA_ | J46: 212660971142 | K46: M'HAMID ,Lotissement Saada 1 ,Numéro 445 | L46: =VLOOKUP(A46,#REF!,1,0) -> #REF!
A47: DTLI71003402 | B47: 0529715890 | C47: RTC DTL | D47: VA | E47: NA | H47: 87.347616 | I47: WNA_ | J47: 0601409696 | K47: M'HAMID , Lotissement M hamid 2 ,Numéro 1564 | L47: =VLOOKUP(A47,#REF!,1,0) -> #REF!
A48: DTLI71014644 | B48: 0529719258 | C48: RTC DTL | D48: VA | E48: NA | H48: 82.384097 | I48: WNA_ | J48: 0663298214 | K48: BOUAAKAZ , Voie Inconnue ,Numéro RES KORTOBA IMM F N 8 | L48: =VLOOKUP(A48,#REF!,1,0) -> #REF!
A49: DTLI71030474 | B49: 0529724741 | C49: RTC DTL | D49: VA | E49: NA | H49: 73.819479 | I49: WNA_ | J49: 212632774634 | K49: M'HAMID , Lotissement M'hamid 9 ,Numéro 509 | L49: =VLOOKUP(A49,#REF!,1,0) -> #REF!
A50: DTLI71034419 | B50: 0529726562 | C50: RTC DTL | D50: VA | E50: NA | H50: 72.542685 | I50: WNA_ | J50: 0616242750 | K50: M'HAMID , Opération Abwab Al Atlas Imm B6 ,Numéro 11 Bat IMM B9 | L50: =VLOOKUP(A50,#REF!,1,0) -> #REF!
A51: DTLI71036742 | B51: 0529728168 | C51: RTC DTL | D51: VA | E51: NA | H51: 71.395046 | I51: WNA_ | J51: 0626372353 | K51: M'HAMID ,Lotissement M hamid 4 ,Numéro 499 | L51: =VLOOKUP(A51,#REF!,1,0) -> #REF!
A52: DTLI02206624 | B52: 0529715759 | C52: RTC DTL | D52: VA | E52: NA | H52: 68.622118 | I52: WNA_ | J52: 212667237667 | K52: M'HAMID , Lotissement M hamid 2 ,Numéro 24 | L52: =VLOOKUP(A52,#REF!,1,0) -> #REF!
A53: 99482279 | B53: 0524361444 | C53: RTC | D53: VA | E53: TR | H53: 66.921771 | I53: EDDACHRAOUIFATIMA | J53: 000000000 | K53: M'HAMID ,Op-Jardins des Orangier Imm D2 ,Etage 1 Porte 8
A54: DTLI71045690 | B54: 0529717351 | C54: RTC DTL | D54: VA | E54: NA | H54: 66.861308 | I54: WNA_ | J54: 0701201631 | K54: M'HAMID ,Lotissement Adrar I ,Numéro 60 | L54: =VLOOKUP(A54,#REF!,1,0) -> #REF!
A55: DTLI02206981 | B55: 0529737462 | C55: RTC DTL | D55: VA | E55: NA | H55: 62.515579 | I55: WNA_ | J55: 212630870058 | K55: M'HAMID ,Lotissement Saada 1 ,Numéro 368 | L55: =VLOOKUP(A55,#REF!,1,0) -> #REF!
A56: DTLI71057362 | B56: 0529720428 | C56: RTC DTL | D56: VA | E56: NA | F56: TRSA | G56: TR saturé Mha:142 | H56: 62.46 | I56: WNA_ | J56: 212663804910 | K56: BOUAAKAZ , Opération Bahia Sakane Imm 69 ,Numéro 3220 | L56: =VLOOKUP(A56,#REF!,1,0) -> #REF!
A57: DTLI71065037 | B57: 0529740107 | C57: RTC DTL | D57: VA | E57: NA | H57: 60.556887 | I57: WNA_ | J57: 0662845144 | K57: OPERATION DOHA BORJ AZZAYTOUN , Immeuble GH01-004 ,Numéro imm 4 Bat 10 | L57: =VLOOKUP(A57,#REF!,1,0) -> #REF!
A58: DTLIO00DA619 | B58: 0525316158 | C58: RTC DTL | D58: VA | E58: NA | H58: 59.827465 | I58: MARMT_ | J58: 0615334752 | K58: M'HAMID ,Résidence Noha GH3 Imm 4 ,Numéro 45 Bat 15 | L58: =VLOOKUP(A58,#REF!,1,0) -> #REF!
A59: DTLI71068038 | B59: 0529590306 | C59: RTC DTL | D59: VA | E59: NA | H59: 59.815637 | I59: WNA_ | J59: 212661183621 | K59: M'HAMID , Opération les Jardins d'Anas ,Numéro imm o Bat 1 | L59: =VLOOKUP(A59,#REF!,1,0) -> #REF!
A60: DTLI71070897 | B60: 0529440699 | C60: RTC DTL | D60: VA | E60: NA | H60: 58.802755 | I60: WNA_ | J60: 0771555499 | K60: M'HAMID ,Lotissement M'hamid 9 ,Numéro 74 | L60: =VLOOKUP(A60,#REF!,1,0) -> #REF!
A61: DTLI71074202 | B61: 0529744104 | C61: RTC DTL | D61: VA | E61: NA | H61: 57.668657 | I61: WNA_ | J61: 0662778805 | K61: M'HAMID ,Lotissement M hamid 5 ,Numéro 1066 | L61: =VLOOKUP(A61,#REF!,1,0) -> #REF!
A62: DTLI71078058 | B62: 0529737599 | C62: RTC DTL | D62: VA | E62: NA | H62: 55.543715 | I62: WNA_ | J62: 212626288009 | K62: M'HAMID , Opération El Bahja ,Numéro 9 | L62: =VLOOKUP(A62,#REF!,1,0) -> #REF!
A63: DTLIO00DBB63 | B63: 0525317504 | C63: RTC DTL | D63: VA | E63: NA | H63: 54.622014 | I63: MARMT_ | J63: 0670417703 | K63: M'HAMID ,Lotissement Maatallah ,Numéro 2257 Bat 15 | L63: =VLOOKUP(A63,#REF!,1,0) -> #REF!
A64: DTLI71081239 | B64: 0529744272 | C64: RTC DTL | D64: VA | E64: NA | H64: 53.869132 | I64: WNA_ | J64: 212696175750 | K64: M'HAMID , Opération Borj Ali Imm A M'hamid 9 ,Numéro 5 | L64: =VLOOKUP(A64,#REF!,1,0) -> #REF!
A65: DTLI71082468 | B65: 0529451947 | C65: RTC DTL | D65: VA | E65: NA | H65: 53.62272 | I65: WNA_ | J65: 0666732403 | K65: M'HAMID ,Lotissement Maatallah ,Numéro 74 | L65: =VLOOKUP(A65,#REF!,1,0) -> #REF!
A66: DTLI71086760 | B66: 0529751247 | C66: RTC DTL | D66: VA | E66: NA | H66: 52.637847 | I66: WNA_ | J66: 0633211649 | K66: M'HAMID , Lotissement Berradi II ,Numéro 610 | L66: =VLOOKUP(A66,#REF!,1,0) -> #REF!
A67: DTLIO00DC6B5 | B67: 0525318295 | C67: RTC DTL | D67: VA | E67: NA | H67: 51.857928 | I67: MARMT_ | J67: 0767644178 | K67: BOUAAKAZ ,Lotissement Zerktouni ,Numéro 976 Bat 15 | L67: =VLOOKUP(A67,#REF!,1,0) -> #REF!
A68: DTLI71088197 | B68: 0529750638 | C68: RTC DTL | D68: VA | E68: NA | H68: 51.85735 | I68: WNA_ | J68: 212606166875 | K68: M'HAMID ,Lotissement M'hamid 9 ,Numéro 1124 | L68: =VLOOKUP(A68,#REF!,1,0) -> #REF!
... A75: DTLIO00DDF13 | B75: 0525320345 | C75: RTC DTL | D75: VA | E75: NA | H75: 44.842095 | I75: MARMT_ | J75: 0607032971 | K75: M'HAMID ,Lotissement Berradi II ,Numéro 191 Bat 15 | L75: =VLOOKUP(A75,#REF!,1,0) -> #REF!
A76: 99569569 | B76: 0524372628 | C76: RTC | D76: VA | E76: NA | F76: BZND | H76: 44.625231 | I76: ESSAHELOUAFA | J76: 0684912395 | K76: M'HAMID ,Opération El Bahja ,Numéro 10
A77: DTLIO00DE1CA | B77: 0525320651 | C77: RTC DTL | D77: VA | E77: NA | H77: 44.606563 | I77: MARMT_ | J77: 0644780058 | K77: M'HAMID , Lotissement Saada 2 ,Numéro 1717 | L77: =VLOOKUP(A77,#REF!,1,0) -> #REF!
A78: DTLIO00DE079 | B78: 0525320421 | C78: RTC DTL | D78: VA | E78: NA | H78: 43.923924 | I78: MARMT_ | J78: 0783882579 | K78: M'HAMID ,Lotissement M'hamid 9 ,Numéro 709 | L78: =VLOOKUP(A78,#REF!,1,0) -> #REF!
A79: DTLIO00DDE05 | B79: 0525320256 | C79: RTC DTL | D79: VA | E79: NA | H79: 43.923264 | I79: MARMT_ | J79: 0634669071 | K79: M'HAMID , Bassatine Mrkch GH11 ,Numéro imm 4 Bat 6 | L79: =VLOOKUP(A79,#REF!,1,0) -> #REF!
A80: DTLIO00DE3C6 | B80: 0525320877 | C80: RTC DTL | D80: VA | E80: NA | H80: 43.913472 | I80: MARMT_ | J80: 0698415124 | K80: M'HAMID , Opération Alittifaq ,Numéro IMM J Bat 12 | L80: =VLOOKUP(A80,#REF!,1,0) -> #REF!
A81: DTLI71107344 | B81: 0529759152 | C81: RTC DTL | D81: VA | E81: NA | H81: 42.595139 | I81: WNA_ | J81: 212602145234 | K81: BOUAAKAZ , Opération Miftah Atlass Imm 01 ,Numéro 2 | L81: =VLOOKUP(A81,#REF!,1,0) -> #REF!
A82: DTLIO00DE768 | B82: 0525321126 | C82: RTC DTL | D82: VA | E82: NA | H82: 41.901863 | I82: MARMT_ | J82: 0654894247 | K82: MARRAKECH MEDINA ,MARRAKECH MEDINA ,Quartier Inconnue ,Voie Inconnue ,Numéro 492 Bat 16 | L82: =VLOOKUP(A82,#REF!,1,0) -> #REF!
A83: DTLI71108239 | B83: 0529755943 | C83: RTC DTL | D83: VA | E83: NA | H83: 41.766736 | I83: WNA_ | J83: 212635552764 | K83: M'HAMID , Lotissement M hamid 7 ,Numéro 30 | L83: =VLOOKUP(A83,#REF!,1,0) -> #REF!
A84: DTLIO00DEAA0 | B84: 0525321362 | C84: RTC DTL | D84: VA | E84: NA | H84: 41.606019 | I84: MARMT_ | J84: 0710369110 | K84: M'HAMID ,Lotissement Saada 2 ,Numéro 854 Bat 15 | L84: =VLOOKUP(A84,#REF!,1,0) -> #REF!
A85: DTLIO00DEBDC | B85: 0525321374 | C85: RTC DTL | D85: VA | E85: NA | H85: 41.488449 | I85: MARMT_ | J85: 0680674060 | K85: M'HAMID ,Lotissement Maatallah ,Numéro 425 Bat 15 | L85: =VLOOKUP(A85,#REF!,1,0) -> #REF!
A86: DTLI71110381 | B86: 0529759244 | C86: RTC DTL | D86: VA | E86: NA | H86: 41.314988 | I86: WNA_ | J86: 0696987149 | K86: OPERATION DOHA BORJ AZZAYTOUN , Mag Opération Doha Borj Azzaytoun ,Numéro 294 | L86: =VLOOKUP(A86,#REF!,1,0) -> #REF!
A87: DTLI71111924 | B87: 0529760823 | C87: RTC DTL | D87: VA | E87: NA | H87: 40.666331 | I87: WNA_ | J87: 212700180323 | K87: M'HAMID ,Lotissement Nahda ,Numéro 1085 Bat 1 Esc 11 Etage 1 Porte 1 | L87: =VLOOKUP(A87,#REF!,1,0) -> #REF!
A88: DTLI71111929 | B88: 0529761384 | C88: RTC DTL | D88: VA | E88: NA | H88: 40.664595 | I88: WNA_ | J88: 212603261426 | K88: M'HAMID ,Lotissement Al Housna ,Numéro 320 | L88: =VLOOKUP(A88,#REF!,1,0) -> #REF!
... A96: DTLIO00DF940 | B96: 0525322526 | C96: RTC DTL | D96: VA | E96: NA | H96: 38.532975 | I96: MARMT_ | J96: 0603822020 | K96: M'HAMID ,Lotissement Nahda ,Numéro 518 | L96: =VLOOKUP(A96,#REF!,1,0) -> #REF!
A97: DTLI71121698 | B97: 0529765307 | C97: RTC DTL | D97: VA | E97: NA | F97: CSEC | G97: msn doha 3 sature | H97: 36.587859 | I97: WNA_ | J97: 212658211025 | K97: OPERATION DOHA ,Voie Inconnue , | L97: =VLOOKUP(A97,[2]MOTIF!$B:$F,5,0) -> #N/A
A98: DTLI71122646 | B98: 0529765255 | C98: RTC DTL | D98: VA | E98: NA | H98: 35.524965 | I98: WNA_ | J98: 212719524243 | K98: M'HAMID ,Lotissement M hamid 7 ,Numéro 506 | L98: =VLOOKUP(A98,#REF!,1,0) -> #REF!
A99: DTLI71123851 | B99: 0529766065 | C99: RTC DTL | D99: VA | E99: NA | H99: 34.670486 | I99: WNA_ | J99: 0604305132 | K99: BOUAAKAZ ,Lotissement Zerktouni ,Numéro 631 | L99: =VLOOKUP(A99,#REF!,1,0) -> #REF!
A100: 99616515 | B100: 0524206911 | C100: RTC | D100: VA | E100: RM | H100: 34.651968 | I100: ABOURIALKHADIJA | J100: 0630648780 | K100: M'HAMID ,Les jardins d Abrar GH6-Imm53 ,Numéro 12
A101: DTLI71124249 | B101: 0529766611 | C101: RTC DTL | D101: VA | E101: NA | H101: 34.595683 | I101: WNA_ | J101: 212666452864 | K101: M'HAMID , Opération El Bahja Imm 16 ,Numéro 16 | L101: =VLOOKUP(A101,#REF!,1,0) -> #REF!
A102: DTLI71127369 | B102: 0529766819 | C102: RTC DTL | D102: VA | E102: NA | H102: 33.576852 | I102: WNA_ | J102: 212674068447 | K102: M'HAMID ,Lotissement M hamid 4 ,Numéro 236 | L102: =VLOOKUP(A102,#REF!,1,0) -> #REF!
A103: DTLIO00E0425 | B103: 0525323624 | C103: RTC DTL | D103: VA | E103: NA | H103: 33.555532 | I103: MARMT_ | J103: 0620309026 | K103: M'HAMID , Opération Eddarraz Imm 94 ,Numéro 6 Bat IMM 95 | L103: =VLOOKUP(A103,#REF!,1,0) -> #REF!
A104: DTLI71130804 | B104: 0529767762 | C104: RTC DTL | D104: VA | E104: NA | H104: 32.762697 | I104: WNA_ | J104: 212629236071 | K104: M'HAMID ,Lotissement Saada 1 ,Numéro 1 | L104: =VLOOKUP(A104,#REF!,1,0) -> #REF!
A105: DTLIO00DE707 | B105: 0525321080 | C105: RTC DTL | D105: VA | E105: NA | F105: TRSA | G105: TT Satué Mha11 | H105: 31.746354 | I105: MARMT_ | J105: 0640447116 | K105: SIDI YOUSSEF BEN ALI ,HARBIL ,TAMANSOURTE ,Riad Atlas ,Numéro Bat 17 | L105: =VLOOKUP(A105,[2]MOTIF!$B:$F,5,0) -> #N/A
A106: DTLI71138243 | B106: 0529770402 | C106: RTC DTL | D106: VA | E106: NA | H106: 30.661516 | I106: WNA_ | J106: 212609184042 | K106: M'HAMID ,Lotissement M hamid 4 ,Numéro 287 | L106: =VLOOKUP(A106,#REF!,1,0) -> #REF!
A107: DTLI71138250 | B107: 0529770480 | C107: RTC DTL | D107: VA | E107: NA | H107: 30.660278 | I107: WNA_ | J107: 212676725369 | K107: BOUAAKAZ ,Bloc 16 ,Numéro 912 | L107: =VLOOKUP(A107,#REF!,1,0) -> #REF!
A108: DTLIO00E1AA5 | B108: 0525325690 | C108: RTC DTL | D108: VA | E108: NA | H108: 29.722546 | I108: MARMT_ | J108: 0606555555 | K108: M'HAMID ,Résidence Izdihar 2 Imm 8 Mhamid 9 ,Numéro 14 Bat 15 | L108: =VLOOKUP(A108,#REF!,1,0) -> #REF!
A109: DTLI71140118 | B109: 0529771561 | C109: RTC DTL | D109: VA | E109: NA | H109: 29.718588 | I109: WNA_ | J109: 212604959583 | K109: M'HAMID , Opération les Jardins d'Anas Imm I ,Numéro 8 | L109: =VLOOKUP(A109,#REF!,1,0) -> #REF!
A110: DTLI71140259 | B110: 0529771793 | C110: RTC DTL | D110: VA | E110: NA | H110: 29.651354 | I110: WNA_ | J110: 212671607081 | K110: M'HAMID , Opération Badr 2 Imm 1 ,Numéro 8 | L110: =VLOOKUP(A110,#REF!,1,0) -> #REF!
A111: DTLIO00E1D56 | B111: 0525325888 | C111: RTC DTL | D111: VA | E111: NA | H111: 27.822928 | I111: MARMT_ | J111: 0615059965 | K111: BOUAAKAZ , Opération Hadaiq Chrifia ,Numéro imm 120 Bat 7 | L111: =VLOOKUP(A111,#REF!,1,0) -> #REF!
A112: DTLI71143707 | B112: 0529758031 | C112: RTC DTL | D112: VA | E112: NA | H112: 27.746921 | I112: WNA_ | J112: 212660680385 | K112: BOUAAKAZ ,Bloc 16 ,Numéro 947 | L112: =VLOOKUP(A112,#REF!,1,0) -> #REF!
A113: DTLI71146791 | B113: 0529770662 | C113: RTC DTL | D113: VA | E113: NA | H113: 26.862199 | I113: WNA_ | J113: 212630359681 | K113: M'HAMID , Lotissement M hamid 7 ,Numéro 32 | L113: =VLOOKUP(A113,#REF!,1,0) -> #REF!
A114: DTLIO00E227D | B114: 0525326377 | C114: RTC DTL | D114: VA | E114: NA | H114: 26.80772 | I114: MARMT_ | J114: 0671881457 | K114: OPERATION DOHA BORJ AZZAYTOUN , Immeuble GH11-AO73 ,Numéro imm 73 Bat 11 | L114: =VLOOKUP(A114,#REF!,1,0) -> #REF!
A115: DTLIO00E23EA | B115: 0525326488 | C115: RTC DTL | D115: VA | E115: NA | H115: 26.669942 | I115: MARMT_ | J115: 0697935241 | K115: LAKSOUR ,Lotissement EL Baraka ,Numéro 1 Bat 15 | L115: =VLOOKUP(A115,[2]MOTIF!$B:$F,5,0) -> #N/A
A116: DTLI02223466 | B116: 0529592534 | C116: RTC DTL | D116: VA | E116: NA | F116: TB | H116: 26.56206 | I116: WNA_ | J116: 0666856212 | K116: M'HAMID , Dispenssaire M hamid ,Numéro 1 Porte SAID | L116: =VLOOKUP(A116,[2]MOTIF!$B:$F,5,0) -> #N/A
A117: DTLIO00E2456 | B117: 0525326527 | C117: RTC DTL | D117: VA | E117: NA | H117: 26.515266 | I117: MARMT_ | J117: 0663560555 | K117: M'HAMID , Jawharat M'haimid GH1 Imm 2 ,Numéro imm 1 Bat 21 | L117: =VLOOKUP(A117,[2]MOTIF!$B:$F,5,0) -> #N/A
A118: DTLIO00E283B | B118: 0525326864 | C118: RTC DTL | D118: VA | E118: NA | H118: 25.678414 | I118: MARMT_ | J118: 0631623910 | K118: M'HAMID ,Lotissement M'hamid 9 ,Numéro 725 | L118: =VLOOKUP(A118,#REF!,1,0) -> #REF!
A119: DTLI71150548 | B119: 0529775700 | C119: RTC DTL | D119: VA | E119: NA | H119: 25.503056 | I119: WNA_ | J119: 212704987521 | K119: M'HAMID , Bassatine Mrkch GH4-Imm 18S Mhamid9 ,Numéro imm S Bat 62 | L119: =VLOOKUP(A119,#REF!,1,0) -> #REF!
A120: DTLIO00E2C96 | B120: 0525327231 | C120: RTC DTL | D120: VA | E120: NA | F120: TRSA | G120: TT Saturé Mha157 | H120: 24.679699 | I120: MARMT_ | J120: 0654207778 | K120: Province M'HAMID ,Lotissement Houman El Fetouaki ,Numéro 322 | L120: =VLOOKUP(A120,[2]MOTIF!$B:$F,5,0) -> #N/A
A121: DTLI71154554 | B121: 0529776788 | C121: RTC DTL | D121: VA | E121: NA | H121: 24.63309 | I121: WNA_ | J121: 212762506532 | K121: M'HAMID ,Lotissement Nahda ,Numéro 1097 | L121: =VLOOKUP(A121,#REF!,1,0) -> #REF!
A122: DTLI71154555 | B122: 0529777062 | C122: RTC DTL | D122: VA | E122: NA | F122: TRSA | G122: TT Saturé Mha11 | H122: 24.632535 | I122: WNA_ | J122: 212629174402 | K122: M'HAMID ,Lotissement Nahda ,Numéro 1097 | L122: =VLOOKUP(A122,[2]MOTIF!$B:$F,5,0) -> #N/A
A123: DTLI71155350 | B123: 0529776934 | C123: RTC DTL | D123: VA | E123: NA | H123: 24.410845 | I123: WNA_ | J123: 0616038664 | K123: OPERATION AL ITTIFAQ ,Immeuble A3 ,Numéro 12 | L123: =VLOOKUP(A123,#REF!,1,0) -> #REF!
A124: DTLIO00E2D7C | B124: 0525327299 | C124: RTC DTL | D124: VA | E124: NA | H124: 23.901771 | I124: MARMT_ | J124: 0661638806 | K124: M'HAMID ,Lotissement Al Amane ,Numéro 341 Bat 15 | L124: =VLOOKUP(A124,#REF!,1,0) -> #REF!
A125: DFOIM00MB0M20HJ | B125: 0525326806 | C125: GPON DFO | D125: VA | E125: NA | H125: 23.863715 | I125: MARMT_ | J125: 0707727206 | K125: M'HAMID ,Bassatine Mrkch GH4-Imm 26O Mhamid9 ,Numéro -2
A126: DTLI71155943 | B126: 0529778582 | C126: RTC DTL | D126: VA | E126: NA | F126: TRSA | G126: DTLI71155943 | H126: 23.842037 | I126: WNA_ | J126: 212600957318 | K126: M'HAMID ,Lotissement M hamid 4 , | L126: =VLOOKUP(A126,[2]MOTIF!$B:$F,5,0) -> #N/A
A127: DTLI71156194 | B127: 0529778220 | C127: RTC DTL | D127: VA | E127: NA | H127: 23.809201 | I127: WNA_ | J127: 0611171699 | K127: M'HAMID , Ain Souna Imm A1 ,Numéro imm A7 Bat 12 | L127: =VLOOKUP(A127,#REF!,1,0) -> #REF!
A128: 99668028 | B128: 0524372507 | C128: RTC | D128: VA | E128: NA | F128: TRSA | G128: TT SaturÃ© Mha152 | H128: 23.659965 | I128: ABRAR VISION | J128: 0663088446 | K128: M'HAMID ,Les jardins d Abrar GH1-Imm8 ,Numéro 49
A129: 99668760 | B129: 0524208087 | C129: RTC | D129: VA | E129: NA | H129: 23.605833 | I129: TOUILIISMAIL | J129: 0621116098 | K129: M'HAMID ,Résidence Noha Imm 2 ,Numéro 1
A130: DTLIO00E31E9 | B130: 0525327632 | C130: RTC DTL | D130: VA | E130: NA | F130: TRSA | G130: TT Saturé Mha143 | H130: 23.573183 | I130: MARMT_ | J130: 0721144144 | K130: BOUAAKAZ , Lotissement Les Jardins Chrifia ,Numéro imm 92 Bat 9 | L130: =VLOOKUP(A130,[2]MOTIF!$B:$F,5,0) -> #N/A
A131: DTLI71156919 | B131: 0529778859 | C131: RTC DTL | D131: VA | E131: NA | H131: 23.558333 | I131: WNA_ | J131: 212637388644 | K131: M'HAMID ,Ain Souna Imm C4 ,Numéro 3 | L131: =VLOOKUP(A131,#REF!,1,0) -> #REF!
A132: DTLI71157297 | B132: 0529779554 | C132: RTC DTL | D132: VA | E132: NA | H132: 23.416262 | I132: WNA_ | J132: 212654622701 | K132: M'HAMID , Opération Diour Atlas Imm T ,Numéro 4 | L132: =VLOOKUP(A132,#REF!,1,0) -> #REF!
A133: DTLIO00E340B | B133: 0525502174 | C133: RTC DTL | D133: VA | E133: NA | F133: TRSA | G133: TT Saturé Mha157 | H133: 22.805451 | I133: MARMT_ | J133: 0662152598 | K133: M'HAMID ,Lotissement Houman El Fetouaki ,Numéro 336 Bat 15 | L133: =VLOOKUP(A133,[2]MOTIF!$B:$F,5,0) -> #N/A
A134: DFOIM00MB24X88K | B134: 0525327423 | C134: GPON DFO | D134: VA | E134: NA | H134: 22.797755 | I134: MARMT_ | J134: 0610861395 | K134: Province M'HAMID ,Lotissement El Goumi ,Numéro 125
A135: DTLI71160057 | B135: 0529779741 | C135: RTC DTL | D135: VA | E135: NA | H135: 22.765648 | I135: WNA_ | J135: 212661864289 | K135: OPERATION GHARNATA ,Immeuble G ,Numéro 9 | L135: =VLOOKUP(A135,#REF!,1,0) -> #REF!
A136: DTLI71160239 | B136: 0529775332 | C136: RTC DTL | D136: VA | E136: NA | H136: 22.712025 | I136: WNA_ | J136: 0671816189 | K136: BOUAAKAZ ,Lotissement Zerktouni ,Porte 1085 | L136: =VLOOKUP(A136,#REF!,1,0) -> #REF!
A137: DTLI02223928 | B137: 0529596059 | C137: RTC DTL | D137: VA | E137: NA | H137: 22.620903 | I137: WNA_ | J137: 212674294294 | K137: M'HAMID , Opération les Jardins d'Anas Imm R ,Numéro 9 | L137: =VLOOKUP(A137,#REF!,1,0) -> #REF!
A138: DTLI71160547 | B138: 0529779827 | C138: RTC DTL | D138: VA | E138: NA | H138: 22.586829 | I138: WNA_ | J138: 212678868644 | K138: M'HAMID , Opération El Bahja ,Numéro 2 Porte SAID | L138: =VLOOKUP(A138,#REF!,1,0) -> #REF!
A139: DTLIO00E366D | B139: 0525328000 | C139: RTC DTL | D139: VA | E139: NA | H139: 21.752407 | I139: MARMT_ | J139: 0526254897 | K139: GUELIZ ,Voie Inconnue ,Numéro SN Bat 15 | L139: =VLOOKUP(A139,[2]MOTIF!$B:$F,5,0) -> #N/A
...

Sheet SITUATION17
A1: N° Com. | B1: ND | C1: S. Produit | D1: Etat | E1: Op | F1: Motif | G1: com. motif | H1: Délai(j) | I1: Intitulé client | J1: Contact client | K1: Adresse | L1: A
A2: DTLI70641411 | B2: 529418093 | C2: RTC DTL | D2: VA | E2: NA | H2: 209.51396 | I2: WNA_ | J2: 0641373034 | K2: M'HAMID ,Lotissement Al Housna ,Porte 372 | L2: =VLOOKUP(A2,#REF!,1,0) -> #REF!
A3: DTLI70727850 | B3: 529609744 | C3: RTC DTL | D3: VA | E3: NA | F3: CRI | H3: 184.39392 | I3: WNA_ | J3: 0671369895 | K3: BOUAAKAZ , Opération Bahia Sakane Imm 64 ,Numéro 19 | L3: =VLOOKUP(A3,#REF!,1,0) -> #REF!
A4: DTLI70734641 | B4: 529647012 | C4: RTC DTL | D4: VA | E4: NA | H4: 181.4484 | I4: WNA_ | J4: 0708917890 | K4: M'HAMID , Les jardins d Abrar GH3-Imm28 ,Numéro 29 | L4: =VLOOKUP(A4,#REF!,1,0) -> #REF!
A5: DTLIO00BBED7 | B5: 520960948 | C5: RTC DTL | D5: VA | E5: NA | H5: 175.85672 | I5: MARMT_ | J5: 0641080135 | K5: M'HAMID , Lotissement Berradi II ,Numéro 493 | L5: =VLOOKUP(A5,#REF!,1,0) -> #REF!
A6: DTLI70808185 | B6: 529580630 | C6: RTC DTL | D6: VA | E6: NA | H6: 156.71021 | I6: WNA_ | J6: 0626972101 | K6: M'HAMID , Bloc 19 ,Numéro 725 | L6: =VLOOKUP(A6,#REF!,1,0) -> #REF!
A7: DTLI70815011 | B7: 529591519 | C7: RTC DTL | D7: VA | E7: NA | H7: 154.55156 | I7: WNA_ | J7: 0624096534 | K7: M'HAMID , Op Abwab Al Atlas Imm B3 ,Numéro 40 | L7: =VLOOKUP(A7,#REF!,1,0) -> #REF!
A8: DTLI70822536 | B8: 529410591 | C8: RTC DTL | D8: VA | E8: NA | H8: 151.76637 | I8: WNA_ | J8: 0696365109 | K8: BOUAAKAZ ,Bloc 12 ,Numéro 583 | L8: =VLOOKUP(A8,#REF!,1,0) -> #REF!
A9: DTLI70823120 | B9: 529429466 | C9: RTC DTL | D9: VA | E9: NA | H9: 151.64933 | I9: WNA_ | J9: 212661744871 | K9: BOUAAKAZ , Opération Bahia Sakane Imm 73 ,Numéro 1065 | L9: =VLOOKUP(A9,#REF!,1,0) -> #REF!
A10: DTLI70831392 | B10: 529432499 | C10: RTC DTL | D10: VA | E10: NA | H10: 149.51362 | I10: WNA_ | J10: 0694778288 | K10: Province M'HAMID ,Opération les Jardins d'Anas Imm E1 ,Numéro 18 | L10: =VLOOKUP(A10,#REF!,1,0) -> #REF!
A11: DTLI70834878 | B11: 529440893 | C11: RTC DTL | D11: VA | E11: NA | H11: 147.4133 | I11: WNA_ | J11: 212661940825 | K11: M'HAMID , Opération Diour Atlas Imm V ,Numéro 11 Bat imm w | L11: =VLOOKUP(A11,#REF!,1,0) -> #REF!
A12: DTLI70848819 | B12: 529445356 | C12: RTC DTL | D12: VA | E12: NA | H12: 143.5277 | I12: WNA_ | J12: 0669334904 | K12: M'HAMID , Les jardins d Abrar GH5-Imm47 ,Numéro 5 | L12: =VLOOKUP(A12,#REF!,1,0) -> #REF!
A13: DTLI70855365 | B13: 529447317 | C13: RTC DTL | D13: VA | E13: NA | H13: 140.78061 | I13: WNA_ | J13: 212670423087 | K13: M'HAMID ,Lotissement Saada 2 ,Numéro 863 | L13: =VLOOKUP(A13,#REF!,1,0) -> #REF!
A14: DTLIO00C5AD5 | B14: 525294318 | C14: RTC DTL | D14: VA | E14: NA | H14: 140.53634 | I14: MARMT_ | J14: 0684466786 | K14: M'HAMID , Opération Diour Atlas Imm J ,Numéro 12 Bat IMM V | L14: =VLOOKUP(A14,#REF!,1,0) -> #REF!
A15: DTLIO00C5738 | B15: 525294069 | C15: RTC DTL | D15: VA | E15: NA | H15: 139.8963 | I15: MARMT_ | J15: 0634669071 | K15: M'HAMID ,Opération Al Bassatine Bloc A ,Numéro 1 Bat 15 | L15: =VLOOKUP(A15,#REF!,1,0) -> #REF!
... A42: DTLI70994638 | B42: 529712093 | C42: RTC DTL | D42: VA | E42: NA | H42: 91.706667 | I42: WNA_ | J42: 0648684341 | K42: M'HAMID ,Bloc 26 ,Numéro 1191 | L42: =VLOOKUP(A42,#REF!,1,0) -> #REF!
A43: 99407301 | B43: 524379905 | C43: RTC | D43: VA | E43: NA | F43: EBST | H43: 90.864826 | I43: AOUTARABDELALI | J43: 0661746605 | K43: M'HAMID ,Bassatine Mrkch GH4-Imm 20U Mhamid9 ,Numéro 5 Etage 3
A44: DTLI70996673 | B44: 529712877 | C44: RTC DTL | D44: VA | E44: NA | H44: 90.7775 | I44: WNA_ | J44: 212635710367 | K44: M'HAMID , Opération Salama GHI-Imm3 ,Numéro 3 Bat BLOC H IMM 03 | L44: =VLOOKUP(A44,#REF!,1,0) -> #REF!
A45: DTLI70997241 | B45: 529713551 | C45: RTC DTL | D45: VA | E45: NA | H45: 90.707523 | I45: WNA_ | J45: 0657162022 | K45: M'HAMID ,Lotissement Al Housna ,Numéro 464 | L45: =VLOOKUP(A45,#REF!,1,0) -> #REF!
A46: DTLI70998954 | B46: 529714279 | C46: RTC DTL | D46: VA | E46: NA | H46: 89.790463 | I46: WNA_ | J46: 212660971142 | K46: M'HAMID ,Lotissement Saada 1 ,Numéro 445 | L46: =VLOOKUP(A46,#REF!,1,0) -> #REF!
A47: DTLI71003402 | B47: 529715890 | C47: RTC DTL | D47: VA | E47: NA | H47: 88.347975 | I47: WNA_ | J47: 0601409696 | K47: M'HAMID , Lotissement M hamid 2 ,Numéro 1564 | L47: =VLOOKUP(A47,#REF!,1,0) -> #REF!
A48: DTLI71014644 | B48: 529719258 | C48: RTC DTL | D48: VA | E48: NA | H48: 83.384456 | I48: WNA_ | J48: 0663298214 | K48: BOUAAKAZ , Voie Inconnue ,Numéro RES KORTOBA IMM F N 8 | L48: =VLOOKUP(A48,#REF!,1,0) -> #REF!
A49: DTLI71030474 | B49: 529724741 | C49: RTC DTL | D49: VA | E49: NA | H49: 74.819838 | I49: WNA_ | J49: 212632774634 | K49: M'HAMID , Lotissement M'hamid 9 ,Numéro 509 | L49: =VLOOKUP(A49,#REF!,1,0) -> #REF!
A50: DTLI71034419 | B50: 529726562 | C50: RTC DTL | D50: VA | E50: NA | H50: 73.543044 | I50: WNA_ | J50: 0616242750 | K50: M'HAMID , Opération Abwab Al Atlas Imm B6 ,Numéro 11 Bat IMM B9 | L50: =VLOOKUP(A50,#REF!,1,0) -> #REF!
A51: DTLI71036742 | B51: 529728168 | C51: RTC DTL | D51: VA | E51: NA | H51: 72.395405 | I51: WNA_ | J51: 0626372353 | K51: M'HAMID ,Lotissement M hamid 4 ,Numéro 499 | L51: =VLOOKUP(A51,#REF!,1,0) -> #REF!
A52: DTLI02206624 | B52: 529715759 | C52: RTC DTL | D52: VA | E52: NA | H52: 69.622477 | I52: WNA_ | J52: 212667237667 | K52: M'HAMID , Lotissement M hamid 2 ,Numéro 24 | L52: =VLOOKUP(A52,#REF!,1,0) -> #REF!
A53: 99482279 | B53: 524361444 | C53: RTC | D53: VA | E53: TR | H53: 67.92213 | I53: EDDACHRAOUIFATIMA | J53: 000000000 | K53: M'HAMID ,Op-Jardins des Orangier Imm D2 ,Etage 1 Porte 8
A54: DTLI71045690 | B54: 529717351 | C54: RTC DTL | D54: VA | E54: NA | H54: 67.861667 | I54: WNA_ | J54: 0701201631 | K54: M'HAMID ,Lotissement Adrar I ,Numéro 60 | L54: =VLOOKUP(A54,#REF!,1,0) -> #REF!
A55: DTLI02206981 | B55: 529737462 | C55: RTC DTL | D55: VA | E55: NA | H55: 63.515937 | I55: WNA_ | J55: 212630870058 | K55: M'HAMID ,Lotissement Saada 1 ,Numéro 368 | L55: =VLOOKUP(A55,#REF!,1,0) -> #REF!
A56: DTLI71057362 | B56: 529720428 | C56: RTC DTL | D56: VA | E56: NA | F56: TRSA | G56: TR saturé Mha:142 | H56: 63.460359 | I56: WNA_ | J56: 212663804910 | K56: BOUAAKAZ , Opération Bahia Sakane Imm 69 ,Numéro 3220 | L56: =VLOOKUP(A56,#REF!,1,0) -> #REF!
A57: DTLI71065037 | B57: 529740107 | C57: RTC DTL | D57: VA | E57: NA | H57: 61.557245 | I57: WNA_ | J57: 0662845144 | K57: OPERATION DOHA BORJ AZZAYTOUN , Immeuble GH01-004 ,Numéro imm 4 Bat 10 | L57: =VLOOKUP(A57,#REF!,1,0) -> #REF!
A58: DTLIO00DA619 | B58: 525316158 | C58: RTC DTL | D58: VA | E58: NA | H58: 60.827824 | I58: MARMT_ | J58: 0615334752 | K58: M'HAMID ,Résidence Noha GH3 Imm 4 ,Numéro 45 Bat 15 | L58: =VLOOKUP(A58,#REF!,1,0) -> #REF!
A59: DTLI71068038 | B59: 529590306 | C59: RTC DTL | D59: VA | E59: NA | H59: 60.815995 | I59: WNA_ | J59: 212661183621 | K59: M'HAMID , Opération les Jardins d'Anas ,Numéro imm o Bat 1 | L59: =VLOOKUP(A59,#REF!,1,0) -> #REF!
A60: DTLI71070897 | B60: 529440699 | C60: RTC DTL | D60: VA | E60: NA | H60: 59.803113 | I60: WNA_ | J60: 0771555499 | K60: M'HAMID ,Lotissement M'hamid 9 ,Numéro 74 | L60: =VLOOKUP(A60,#REF!,1,0) -> #REF!
A61: DTLI71074202 | B61: 529744104 | C61: RTC DTL | D61: VA | E61: NA | H61: 58.669016 | I61: WNA_ | J61: 0662778805 | K61: M'HAMID ,Lotissement M hamid 5 ,Numéro 1066 | L61: =VLOOKUP(A61,#REF!,1,0) -> #REF!
A62: DTLI71078058 | B62: 529737599 | C62: RTC DTL | D62: VA | E62: NA | H62: 56.544074 | I62: WNA_ | J62: 212626288009 | K62: M'HAMID , Opération El Bahja ,Numéro 9 | L62: =VLOOKUP(A62,#REF!,1,0) -> #REF!
A63: DTLIO00DBB63 | B63: 525317504 | C63: RTC DTL | D63: VA | E63: NA | H63: 55.622373 | I63: MARMT_ | J63: 0670417703 | K63: M'HAMID ,Lotissement Maatallah ,Numéro 2257 Bat 15 | L63: =VLOOKUP(A63,#REF!,1,0) -> #REF!
A64: DTLI71081239 | B64: 529744272 | C64: RTC DTL | D64: VA | E64: NA | H64: 54.869491 | I64: WNA_ | J64: 212696175750 | K64: M'HAMID , Opération Borj Ali Imm A M'hamid 9 ,Numéro 5 | L64: =VLOOKUP(A64,#REF!,1,0) -> #REF!
A65: DTLI71082468 | B65: 529451947 | C65: RTC DTL | D65: VA | E65: NA | H65: 54.623079 | I65: WNA_ | J65: 0666732403 | K65: M'HAMID ,Lotissement Maatallah ,Numéro 74 | L65: =VLOOKUP(A65,#REF!,1,0) -> #REF!
A66: DTLI71086760 | B66: 529751247 | C66: RTC DTL | D66: VA | E66: NA | H66: 53.638206 | I66: WNA_ | J66: 0633211649 | K66: M'HAMID , Lotissement Berradi II ,Numéro 610 | L66: =VLOOKUP(A66,#REF!,1,0) -> #REF!
A67: DTLIO00DC6B5 | B67: 525318295 | C67: RTC DTL | D67: VA | E67: NA | H67: 52.858287 | I67: MARMT_ | J67: 0767644178 | K67: BOUAAKAZ ,Lotissement Zerktouni ,Numéro 976 Bat 15 | L67: =VLOOKUP(A67,#REF!,1,0) -> #REF!
A68: DTLI71088197 | B68: 529750638 | C68: RTC DTL | D68: VA | E68: NA | H68: 52.857708 | I68: WNA_ | J68: 212606166875 | K68: M'HAMID ,Lotissement M'hamid 9 ,Numéro 1124 | L68: =VLOOKUP(A68,#REF!,1,0) -> #REF!
... A75: DTLIO00DDF13 | B75: 525320345 | C75: RTC DTL | D75: VA | E75: NA | H75: 45.842454 | I75: MARMT_ | J75: 0607032971 | K75: M'HAMID ,Lotissement Berradi II ,Numéro 191 Bat 15 | L75: =VLOOKUP(A75,#REF!,1,0) -> #REF!
A76: 99569569 | B76: 524372628 | C76: RTC | D76: VA | E76: NA | F76: BZND | H76: 45.62559 | I76: ESSAHELOUAFA | J76: 0684912395 | K76: M'HAMID ,Opération El Bahja ,Numéro 10
A77: DTLIO00DE1CA | B77: 525320651 | C77: RTC DTL | D77: VA | E77: NA | H77: 45.606921 | I77: MARMT_ | J77: 0644780058 | K77: M'HAMID , Lotissement Saada 2 ,Numéro 1717 | L77: =VLOOKUP(A77,#REF!,1,0) -> #REF!
A78: DTLIO00DE079 | B78: 525320421 | C78: RTC DTL | D78: VA | E78: NA | H78: 44.924282 | I78: MARMT_ | J78: 0783882579 | K78: M'HAMID ,Lotissement M'hamid 9 ,Numéro 709 | L78: =VLOOKUP(A78,#REF!,1,0) -> #REF!
A79: DTLIO00DDE05 | B79: 525320256 | C79: RTC DTL | D79: VA | E79: NA | H79: 44.923623 | I79: MARMT_ | J79: 0634669071 | K79: M'HAMID , Bassatine Mrkch GH11 ,Numéro imm 4 Bat 6 | L79: =VLOOKUP(A79,#REF!,1,0) -> #REF!
A80: DTLIO00DE3C6 | B80: 525320877 | C80: RTC DTL | D80: VA | E80: NA | H80: 44.913831 | I80: MARMT_ | J80: 0698415124 | K80: M'HAMID , Opération Alittifaq ,Numéro IMM J Bat 12 | L80: =VLOOKUP(A80,#REF!,1,0) -> #REF!
A81: DTLI71107344 | B81: 529759152 | C81: RTC DTL | D81: VA | E81: NA | H81: 43.595498 | I81: WNA_ | J81: 212602145234 | K81: BOUAAKAZ , Opération Miftah Atlass Imm 01 ,Numéro 2 | L81: =VLOOKUP(A81,#REF!,1,0) -> #REF!
A82: DTLIO00DE768 | B82: 525321126 | C82: RTC DTL | D82: VA | E82: NA | H82: 42.902222 | I82: MARMT_ | J82: 0654894247 | K82: MARRAKECH MEDINA ,MARRAKECH MEDINA ,Quartier Inconnue ,Voie Inconnue ,Numéro 492 Bat 16 | L82: =VLOOKUP(A82,#REF!,1,0) -> #REF!
A83: DTLI71108239 | B83: 529755943 | C83: RTC DTL | D83: VA | E83: NA | H83: 42.767095 | I83: WNA_ | J83: 212635552764 | K83: M'HAMID , Lotissement M hamid 7 ,Numéro 30 | L83: =VLOOKUP(A83,#REF!,1,0) -> #REF!
A84: DTLIO00DEAA0 | B84: 525321362 | C84: RTC DTL | D84: VA | E84: NA | H84: 42.606377 | I84: MARMT_ | J84: 0710369110 | K84: M'HAMID ,Lotissement Saada 2 ,Numéro 854 Bat 15 | L84: =VLOOKUP(A84,#REF!,1,0) -> #REF!
A85: DTLIO00DEBDC | B85: 525321374 | C85: RTC DTL | D85: VA | E85: NA | H85: 42.488808 | I85: MARMT_ | J85: 0680674060 | K85: M'HAMID ,Lotissement Maatallah ,Numéro 425 Bat 15 | L85: =VLOOKUP(A85,#REF!,1,0) -> #REF!
A86: DTLI71110381 | B86: 529759244 | C86: RTC DTL | D86: VA | E86: NA | H86: 42.315347 | I86: WNA_ | J86: 0696987149 | K86: OPERATION DOHA BORJ AZZAYTOUN , Mag Opération Doha Borj Azzaytoun ,Numéro 294 | L86: =VLOOKUP(A86,#REF!,1,0) -> #REF!
A87: DTLI71111924 | B87: 529760823 | C87: RTC DTL | D87: VA | E87: NA | H87: 41.66669 | I87: WNA_ | J87: 212700180323 | K87: M'HAMID ,Lotissement Nahda ,Numéro 1085 Bat 1 Esc 11 Etage 1 Porte 1 | L87: =VLOOKUP(A87,#REF!,1,0) -> #REF!
A88: DTLI71111929 | B88: 529761384 | C88: RTC DTL | D88: VA | E88: NA | H88: 41.664954 | I88: WNA_ | J88: 212603261426 | K88: M'HAMID ,Lotissement Al Housna ,Numéro 320 | L88: =VLOOKUP(A88,#REF!,1,0) -> #REF!
... A96: DTLIO00DF940 | B96: 525322526 | C96: RTC DTL | D96: VA | E96: NA | H96: 39.533333 | I96: MARMT_ | J96: 0603822020 | K96: M'HAMID ,Lotissement Nahda ,Numéro 518 | L96: =VLOOKUP(A96,#REF!,1,0) -> #REF!
A97: DTLI71121698 | B97: 529765307 | C97: RTC DTL | D97: VA | E97: NA | F97: CSEC | G97: msn doha 3 sature | H97: 37.588218 | I97: WNA_ | J97: 212658211025 | K97: OPERATION DOHA ,Voie Inconnue , | L97: =VLOOKUP(A97,[2]MOTIF!$B:$F,5,0) -> #N/A
A98: DTLI71122646 | B98: 529765255 | C98: RTC DTL | D98: VA | E98: NA | H98: 36.525324 | I98: WNA_ | J98: 212719524243 | K98: M'HAMID ,Lotissement M hamid 7 ,Numéro 506 | L98: =VLOOKUP(A98,#REF!,1,0) -> #REF!
A99: DTLI71123851 | B99: 529766065 | C99: RTC DTL | D99: VA | E99: NA | H99: 35.670845 | I99: WNA_ | J99: 0604305132 | K99: BOUAAKAZ ,Lotissement Zerktouni ,Numéro 631 | L99: =VLOOKUP(A99,#REF!,1,0) -> #REF!
A100: 99616515 | B100: 524206911 | C100: RTC | D100: VA | E100: RM | H100: 35.652326 | I100: ABOURIALKHADIJA | J100: 0630648780 | K100: M'HAMID ,Les jardins d Abrar GH6-Imm53 ,Numéro 12
A101: DTLI71124249 | B101: 529766611 | C101: RTC DTL | D101: VA | E101: NA | H101: 35.596042 | I101: WNA_ | J101: 212666452864 | K101: M'HAMID , Opération El Bahja Imm 16 ,Numéro 16 | L101: =VLOOKUP(A101,#REF!,1,0) -> #REF!
A102: DTLI71127369 | B102: 529766819 | C102: RTC DTL | D102: VA | E102: NA | H102: 34.577211 | I102: WNA_ | J102: 212674068447 | K102: M'HAMID ,Lotissement M hamid 4 ,Numéro 236 | L102: =VLOOKUP(A102,#REF!,1,0) -> #REF!
A103: DTLIO00E0425 | B103: 525323624 | C103: RTC DTL | D103: VA | E103: NA | H103: 34.555891 | I103: MARMT_ | J103: 0620309026 | K103: M'HAMID , Opération Eddarraz Imm 94 ,Numéro 6 Bat IMM 95 | L103: =VLOOKUP(A103,#REF!,1,0) -> #REF!
A104: DTLIO00DE707 | B104: 525321080 | C104: RTC DTL | D104: VA | E104: NA | F104: TRSA | G104: TT Satué Mha11 | H104: 32.746713 | I104: MARMT_ | J104: 0640447116 | K104: SIDI YOUSSEF BEN ALI ,HARBIL ,TAMANSOURTE ,Riad Atlas ,Numéro Bat 17 | L104: =VLOOKUP(A104,[2]MOTIF!$B:$F,5,0) -> #N/A
A105: DTLI71138243 | B105: 529770402 | C105: RTC DTL | D105: VA | E105: NA | H105: 31.661875 | I105: WNA_ | J105: 212609184042 | K105: M'HAMID ,Lotissement M hamid 4 ,Numéro 287 | L105: =VLOOKUP(A105,#REF!,1,0) -> #REF!
A106: DTLI71138250 | B106: 529770480 | C106: RTC DTL | D106: VA | E106: NA | H106: 31.660637 | I106: WNA_ | J106: 212676725369 | K106: BOUAAKAZ ,Bloc 16 ,Numéro 912 | L106: =VLOOKUP(A106,#REF!,1,0) -> #REF!
A107: DTLIO00E1AA5 | B107: 525325690 | C107: RTC DTL | D107: VA | E107: NA | H107: 30.722905 | I107: MARMT_ | J107: 0606555555 | K107: M'HAMID ,Résidence Izdihar 2 Imm 8 Mhamid 9 ,Numéro 14 Bat 15 | L107: =VLOOKUP(A107,#REF!,1,0) -> #REF!
A108: DTLI71140118 | B108: 529771561 | C108: RTC DTL | D108: VA | E108: NA | H108: 30.718947 | I108: WNA_ | J108: 212604959583 | K108: M'HAMID , Opération les Jardins d'Anas Imm I ,Numéro 8 | L108: =VLOOKUP(A108,#REF!,1,0) -> #REF!
A109: DTLI71140259 | B109: 529771793 | C109: RTC DTL | D109: VA | E109: NA | H109: 30.651713 | I109: WNA_ | J109: 212671607081 | K109: M'HAMID , Opération Badr 2 Imm 1 ,Numéro 8 | L109: =VLOOKUP(A109,#REF!,1,0) -> #REF!
A110: DTLIO00E1D56 | B110: 525325888 | C110: RTC DTL | D110: VA | E110: NA | H110: 28.823287 | I110: MARMT_ | J110: 0615059965 | K110: BOUAAKAZ , Opération Hadaiq Chrifia ,Numéro imm 120 Bat 7 | L110: =VLOOKUP(A110,#REF!,1,0) -> #REF!
A111: DTLI71143707 | B111: 529758031 | C111: RTC DTL | D111: VA | E111: NA | H111: 28.74728 | I111: WNA_ | J111: 212660680385 | K111: BOUAAKAZ ,Bloc 16 ,Numéro 947 | L111: =VLOOKUP(A111,#REF!,1,0) -> #REF!
A112: DTLI71146791 | B112: 529770662 | C112: RTC DTL | D112: VA | E112: NA | H112: 27.862558 | I112: WNA_ | J112: 212630359681 | K112: M'HAMID , Lotissement M hamid 7 ,Numéro 32 | L112: =VLOOKUP(A112,#REF!,1,0) -> #REF!
A113: DTLIO00E227D | B113: 525326377 | C113: RTC DTL | D113: VA | E113: NA | H113: 27.808079 | I113: MARMT_ | J113: 0671881457 | K113: OPERATION DOHA BORJ AZZAYTOUN , Immeuble GH11-AO73 ,Numéro imm 73 Bat 11 | L113: =VLOOKUP(A113,#REF!,1,0) -> #REF!
A114: DTLIO00E23EA | B114: 525326488 | C114: RTC DTL | D114: VA | E114: NA | H114: 27.670301 | I114: MARMT_ | J114: 0697935241 | K114: LAKSOUR ,Lotissement EL Baraka ,Numéro 1 Bat 15 | L114: =VLOOKUP(A114,[2]MOTIF!$B:$F,5,0) -> #N/A
A115: DTLI02223466 | B115: 529592534 | C115: RTC DTL | D115: VA | E115: NA | F115: TB | H115: 27.562419 | I115: WNA_ | J115: 0666856212 | K115: M'HAMID , Dispenssaire M hamid ,Numéro 1 Porte SAID | L115: =VLOOKUP(A115,[2]MOTIF!$B:$F,5,0) -> #N/A
A116: DTLIO00E2456 | B116: 525326527 | C116: RTC DTL | D116: VA | E116: NA | H116: 27.515625 | I116: MARMT_ | J116: 0663560555 | K116: M'HAMID , Jawharat M'haimid GH1 Imm 2 ,Numéro imm 1 Bat 21 | L116: =VLOOKUP(A116,[2]MOTIF!$B:$F,5,0) -> #N/A
A117: DTLIO00E283B | B117: 525326864 | C117: RTC DTL | D117: VA | E117: NA | H117: 26.678773 | I117: MARMT_ | J117: 0631623910 | K117: M'HAMID ,Lotissement M'hamid 9 ,Numéro 725 | L117: =VLOOKUP(A117,#REF!,1,0) -> #REF!
A118: DTLI71150548 | B118: 529775700 | C118: RTC DTL | D118: VA | E118: NA | H118: 26.503414 | I118: WNA_ | J118: 212704987521 | K118: M'HAMID , Bassatine Mrkch GH4-Imm 18S Mhamid9 ,Numéro imm S Bat 62 | L118: =VLOOKUP(A118,#REF!,1,0) -> #REF!
A119: DTLIO00E2C96 | B119: 525327231 | C119: RTC DTL | D119: VA | E119: NA | F119: TRSA | G119: TT Saturé Mha157 | H119: 25.680058 | I119: MARMT_ | J119: 0654207778 | K119: Province M'HAMID ,Lotissement Houman El Fetouaki ,Numéro 322 | L119: =VLOOKUP(A119,[2]MOTIF!$B:$F,5,0) -> #N/A
A120: DTLI71154554 | B120: 529776788 | C120: RTC DTL | D120: VA | E120: NA | H120: 25.633449 | I120: WNA_ | J120: 212762506532 | K120: M'HAMID ,Lotissement Nahda ,Numéro 1097 | L120: =VLOOKUP(A120,#REF!,1,0) -> #REF!
A121: DTLI71154555 | B121: 529777062 | C121: RTC DTL | D121: VA | E121: NA | F121: TRSA | G121: TT Saturé Mha11 | H121: 25.632894 | I121: WNA_ | J121: 212629174402 | K121: M'HAMID ,Lotissement Nahda ,Numéro 1097 | L121: =VLOOKUP(A121,[2]MOTIF!$B:$F,5,0) -> #N/A
A122: DTLI71155350 | B122: 529776934 | C122: RTC DTL | D122: VA | E122: NA | H122: 25.411204 | I122: WNA_ | J122: 0616038664 | K122: OPERATION AL ITTIFAQ ,Immeuble A3 ,Numéro 12 | L122: =VLOOKUP(A122,#REF!,1,0) -> #REF!
A123: DTLIO00E2D7C | B123: 525327299 | C123: RTC DTL | D123: VA | E123: NA | H123: 24.90213 | I123: MARMT_ | J123: 0661638806 | K123: M'HAMID ,Lotissement Al Amane ,Numéro 341 Bat 15 | L123: =VLOOKUP(A123,#REF!,1,0) -> #REF!
A124: DFOIM00MB0M20HJ | B124: 525326806 | C124: GPON DFO | D124: VA | E124: NA | H124: 24.864074 | I124: MARMT_ | J124: 0707727206 | K124: M'HAMID ,Bassatine Mrkch GH4-Imm 26O Mhamid9 ,Numéro -2
A125: DTLI71155943 | B125: 529778582 | C125: RTC DTL | D125: VA | E125: NA | F125: TRSA | G125: DTLI71155943 | H125: 24.842396 | I125: WNA_ | J125: 212600957318 | K125: M'HAMID ,Lotissement M hamid 4 , | L125: =VLOOKUP(A125,[2]MOTIF!$B:$F,5,0) -> #N/A
A126: DTLI71156194 | B126: 529778220 | C126: RTC DTL | D126: VA | E126: NA | H126: 24.80956 | I126: WNA_ | J126: 0611171699 | K126: M'HAMID , Ain Souna Imm A1 ,Numéro imm A7 Bat 12 | L126: =VLOOKUP(A126,#REF!,1,0) -> #REF!
A127: 99668028 | B127: 524372507 | C127: RTC | D127: VA | E127: NA | F127: TRSA | G127: TT SaturÃ© Mha152 | H127: 24.660324 | I127: ABRAR VISION | J127: 0663088446 | K127: M'HAMID ,Les jardins d Abrar GH1-Imm8 ,Numéro 49
A128: 99668760 | B128: 524208087 | C128: RTC | D128: VA | E128: NA | H128: 24.606192 | I128: TOUILIISMAIL | J128: 0621116098 | K128: M'HAMID ,Résidence Noha Imm 2 ,Numéro 1
A129: DTLIO00E31E9 | B129: 525327632 | C129: RTC DTL | D129: VA | E129: NA | F129: TRSA | G129: TT Saturé Mha143 | H129: 24.573542 | I129: MARMT_ | J129: 0721144144 | K129: BOUAAKAZ , Lotissement Les Jardins Chrifia ,Numéro imm 92 Bat 9 | L129: =VLOOKUP(A129,[2]MOTIF!$B:$F,5,0) -> #N/A
A130: DTLI71156919 | B130: 529778859 | C130: RTC DTL | D130: VA | E130: NA | H130: 24.558692 | I130: WNA_ | J130: 212637388644 | K130: M'HAMID ,Ain Souna Imm C4 ,Numéro 3 | L130: =VLOOKUP(A130,#REF!,1,0) -> #REF!
A131: DTLI71157297 | B131: 529779554 | C131: RTC DTL | D131: VA | E131: NA | H131: 24.41662 | I131: WNA_ | J131: 212654622701 | K131: M'HAMID , Opération Diour Atlas Imm T ,Numéro 4 | L131: =VLOOKUP(A131,#REF!,1,0) -> #REF!
A132: DTLIO00E340B | B132: 525502174 | C132: RTC DTL | D132: VA | E132: NA | F132: TRSA | G132: TT Saturé Mha157 | H132: 23.80581 | I132: MARMT_ | J132: 0662152598 | K132: M'HAMID ,Lotissement Houman El Fetouaki ,Numéro 336 Bat 15 | L132: =VLOOKUP(A132,[2]MOTIF!$B:$F,5,0) -> #N/A
A133: DFOIM00MB24X88K | B133: 525327423 | C133: GPON DFO | D133: VA | E133: NA | H133: 23.798113 | I133: MARMT_ | J133: 0610861395 | K133: Province M'HAMID ,Lotissement El Goumi ,Numéro 125
A134: DTLI71160057 | B134: 529779741 | C134: RTC DTL | D134: VA | E134: NA | H134: 23.766007 | I134: WNA_ | J134: 212661864289 | K134: OPERATION GHARNATA ,Immeuble G ,Numéro 9 | L134: =VLOOKUP(A134,#REF!,1,0) -> #REF!
A135: DTLI71160239 | B135: 529775332 | C135: RTC DTL | D135: VA | E135: NA | H135: 23.712384 | I135: WNA_ | J135: 0671816189 | K135: BOUAAKAZ ,Lotissement Zerktouni ,Porte 1085 | L135: =VLOOKUP(A135,#REF!,1,0) -> #REF!
A136: DTLI02223928 | B136: 529596059 | C136: RTC DTL | D136: VA | E136: NA | H136: 23.621262 | I136: WNA_ | J136: 212674294294 | K136: M'HAMID , Opération les Jardins d'Anas Imm R ,Numéro 9 | L136: =VLOOKUP(A136,#REF!,1,0) -> #REF!
A137: DTLI71160547 | B137: 529779827 | C137: RTC DTL | D137: VA | E137: NA | H137: 23.587187 | I137: WNA_ | J137: 212678868644 | K137: M'HAMID , Opération El Bahja ,Numéro 2 Porte SAID | L137: =VLOOKUP(A137,#REF!,1,0) -> #REF!
A138: DTLIO00E366D | B138: 525328000 | C138: RTC DTL | D138: VA | E138: NA | H138: 22.752766 | I138: MARMT_ | J138: 0526254897 | K138: GUELIZ ,Voie Inconnue ,Numéro SN Bat 15 | L138: =VLOOKUP(A138,[2]MOTIF!$B:$F,5,0) -> #N/A
A139: 99672070 | B139: 524371638 | C139: RTC | D139: VA | E139: TL | F139: TRSA | G139: TR saturÃ© mha:143 | H139: 21.926088 | I139: CHAWKIHICHAM | J139: 000000000 | K139: BOUAAKAZ ,Opération Jardins Chrifia Imm 152 ,Numéro 8
...

Sheet SITUIATION18
A1: N° Com. | B1: ND | C1: S. Produit | D1: Etat | E1: Op | F1: Motif | G1: com. motif | H1: Délai(j) | I1: Intitulé client | J1: Contact client | K1: Adresse | L1: A
A2: DTLI70641411 | B2: 0529418093 | C2: RTC DTL | D2: VA | E2: NA | H2: 210.51596 | I2: WNA_ | J2: 0641373034 | K2: M'HAMID ,Lotissement Al Housna ,Porte 372 | L2: =VLOOKUP(A2,#REF!,1,0) -> #REF!
A3: DTLI70727850 | B3: 0529609744 | C3: RTC DTL | D3: VA | E3: NA | F3: CRI | H3: 185.39593 | I3: WNA_ | J3: 0671369895 | K3: BOUAAKAZ , Opération Bahia Sakane Imm 64 ,Numéro 19 | L3: =VLOOKUP(A3,#REF!,1,0) -> #REF!
A4: DTLI70734641 | B4: 0529647012 | C4: RTC DTL | D4: VA | E4: NA | H4: 182.45041 | I4: WNA_ | J4: 0708917890 | K4: M'HAMID , Les jardins d Abrar GH3-Imm28 ,Numéro 29 | L4: =VLOOKUP(A4,#REF!,1,0) -> #REF!
A5: DTLIO00BBED7 | B5: 0520960948 | C5: RTC DTL | D5: VA | E5: NA | H5: 176.85873 | I5: MARMT_ | J5: 0641080135 | K5: M'HAMID , Lotissement Berradi II ,Numéro 493 | L5: =VLOOKUP(A5,#REF!,1,0) -> #REF!
A6: DTLI70808185 | B6: 0529580630 | C6: RTC DTL | D6: VA | E6: NA | H6: 157.71221 | I6: WNA_ | J6: 0626972101 | K6: M'HAMID , Bloc 19 ,Numéro 725 | L6: =VLOOKUP(A6,#REF!,1,0) -> #REF!
A7: DTLI70815011 | B7: 0529591519 | C7: RTC DTL | D7: VA | E7: NA | H7: 155.55356 | I7: WNA_ | J7: 0624096534 | K7: M'HAMID , Op Abwab Al Atlas Imm B3 ,Numéro 40 | L7: =VLOOKUP(A7,#REF!,1,0) -> #REF!
A8: DTLI70822536 | B8: 0529410591 | C8: RTC DTL | D8: VA | E8: NA | H8: 152.76837 | I8: WNA_ | J8: 0696365109 | K8: BOUAAKAZ ,Bloc 12 ,Numéro 583 | L8: =VLOOKUP(A8,#REF!,1,0) -> #REF!
A9: DTLI70823120 | B9: 0529429466 | C9: RTC DTL | D9: VA | E9: NA | H9: 152.65133 | I9: WNA_ | J9: 212661744871 | K9: BOUAAKAZ , Opération Bahia Sakane Imm 73 ,Numéro 1065 | L9: =VLOOKUP(A9,#REF!,1,0) -> #REF!
A10: DTLI70831392 | B10: 0529432499 | C10: RTC DTL | D10: VA | E10: NA | H10: 150.51562 | I10: WNA_ | J10: 0694778288 | K10: Province M'HAMID ,Opération les Jardins d'Anas Imm E1 ,Numéro 18 | L10: =VLOOKUP(A10,#REF!,1,0) -> #REF!
A11: DTLI70834878 | B11: 0529440893 | C11: RTC DTL | D11: VA | E11: NA | H11: 148.4153 | I11: WNA_ | J11: 212661940825 | K11: M'HAMID , Opération Diour Atlas Imm V ,Numéro 11 Bat imm w | L11: =VLOOKUP(A11,#REF!,1,0) -> #REF!
A12: DTLI70848819 | B12: 0529445356 | C12: RTC DTL | D12: VA | E12: NA | H12: 144.5297 | I12: WNA_ | J12: 0669334904 | K12: M'HAMID , Les jardins d Abrar GH5-Imm47 ,Numéro 5 | L12: =VLOOKUP(A12,#REF!,1,0) -> #REF!
A13: DTLI70855365 | B13: 0529447317 | C13: RTC DTL | D13: VA | E13: NA | H13: 141.78262 | I13: WNA_ | J13: 212670423087 | K13: M'HAMID ,Lotissement Saada 2 ,Numéro 863 | L13: =VLOOKUP(A13,#REF!,1,0) -> #REF!
A14: DTLIO00C5AD5 | B14: 0525294318 | C14: RTC DTL | D14: VA | E14: NA | H14: 141.53834 | I14: MARMT_ | J14: 0684466786 | K14: M'HAMID , Opération Diour Atlas Imm J ,Numéro 12 Bat IMM V | L14: =VLOOKUP(A14,#REF!,1,0) -> #REF!
A15: DTLIO00C5738 | B15: 0525294069 | C15: RTC DTL | D15: VA | E15: NA | H15: 140.8983 | I15: MARMT_ | J15: 0634669071 | K15: M'HAMID ,Opération Al Bassatine Bloc A ,Numéro 1 Bat 15 | L15: =VLOOKUP(A15,#REF!,1,0) -> #REF!
... A42: DTLI70994638 | B42: 0529712093 | C42: RTC DTL | D42: VA | E42: NA | H42: 92.708669 | I42: WNA_ | J42: 0648684341 | K42: M'HAMID ,Bloc 26 ,Numéro 1191 | L42: =VLOOKUP(A42,#REF!,1,0) -> #REF!
A43: 99407301 | B43: 0524379905 | C43: RTC | D43: VA | E43: NA | F43: EBST | H43: 91.866829 | I43: AOUTARABDELALI | J43: 0661746605 | K43: M'HAMID ,Bassatine Mrkch GH4-Imm 20U Mhamid9 ,Numéro 5 Etage 3
A44: DTLI70996673 | B44: 0529712877 | C44: RTC DTL | D44: VA | E44: NA | H44: 91.779502 | I44: WNA_ | J44: 212635710367 | K44: M'HAMID , Opération Salama GHI-Imm3 ,Numéro 3 Bat BLOC H IMM 03 | L44: =VLOOKUP(A44,#REF!,1,0) -> #REF!
A45: DTLI70997241 | B45: 0529713551 | C45: RTC DTL | D45: VA | E45: NA | H45: 91.709525 | I45: WNA_ | J45: 0657162022 | K45: M'HAMID ,Lotissement Al Housna ,Numéro 464 | L45: =VLOOKUP(A45,#REF!,1,0) -> #REF!
A46: DTLI70998954 | B46: 0529714279 | C46: RTC DTL | D46: VA | E46: NA | H46: 90.792465 | I46: WNA_ | J46: 212660971142 | K46: M'HAMID ,Lotissement Saada 1 ,Numéro 445 | L46: =VLOOKUP(A46,#REF!,1,0) -> #REF!
A47: DTLI71003402 | B47: 0529715890 | C47: RTC DTL | D47: VA | E47: NA | H47: 89.349977 | I47: WNA_ | J47: 0601409696 | K47: M'HAMID , Lotissement M hamid 2 ,Numéro 1564 | L47: =VLOOKUP(A47,#REF!,1,0) -> #REF!
A48: DTLI71014644 | B48: 0529719258 | C48: RTC DTL | D48: VA | E48: NA | H48: 84.386458 | I48: WNA_ | J48: 0663298214 | K48: BOUAAKAZ , Voie Inconnue ,Numéro RES KORTOBA IMM F N 8 | L48: =VLOOKUP(A48,#REF!,1,0) -> #REF!
A49: DTLI71030474 | B49: 0529724741 | C49: RTC DTL | D49: VA | E49: NA | H49: 75.82184 | I49: WNA_ | J49: 212632774634 | K49: M'HAMID , Lotissement M'hamid 9 ,Numéro 509 | L49: =VLOOKUP(A49,#REF!,1,0) -> #REF!
A50: DTLI71034419 | B50: 0529726562 | C50: RTC DTL | D50: VA | E50: NA | H50: 74.545046 | I50: WNA_ | J50: 0616242750 | K50: M'HAMID , Opération Abwab Al Atlas Imm B6 ,Numéro 11 Bat IMM B9 | L50: =VLOOKUP(A50,#REF!,1,0) -> #REF!
A51: DTLI71036742 | B51: 0529728168 | C51: RTC DTL | D51: VA | E51: NA | H51: 73.397407 | I51: WNA_ | J51: 0626372353 | K51: M'HAMID ,Lotissement M hamid 4 ,Numéro 499 | L51: =VLOOKUP(A51,#REF!,1,0) -> #REF!
A52: DTLI02206624 | B52: 0529715759 | C52: RTC DTL | D52: VA | E52: NA | H52: 70.624479 | I52: WNA_ | J52: 212667237667 | K52: M'HAMID , Lotissement M hamid 2 ,Numéro 24 | L52: =VLOOKUP(A52,#REF!,1,0) -> #REF!
A53: 99482279 | B53: 0524361444 | C53: RTC | D53: VA | E53: TR | H53: 68.924132 | I53: EDDACHRAOUIFATIMA | J53: 000000000 | K53: M'HAMID ,Op-Jardins des Orangier Imm D2 ,Etage 1 Porte 8
A54: DTLI71045690 | B54: 0529717351 | C54: RTC DTL | D54: VA | E54: NA | H54: 68.863669 | I54: WNA_ | J54: 0701201631 | K54: M'HAMID ,Lotissement Adrar I ,Numéro 60 | L54: =VLOOKUP(A54,#REF!,1,0) -> #REF!
A55: DTLI02206981 | B55: 0529737462 | C55: RTC DTL | D55: VA | E55: NA | H55: 64.51794 | I55: WNA_ | J55: 212630870058 | K55: M'HAMID ,Lotissement Saada 1 ,Numéro 368 | L55: =VLOOKUP(A55,#REF!,1,0) -> #REF!
A56: DTLI71057362 | B56: 0529720428 | C56: RTC DTL | D56: VA | E56: NA | F56: TRSA | G56: TR saturé Mha:142 | H56: 64.462361 | I56: WNA_ | J56: 212663804910 | K56: BOUAAKAZ , Opération Bahia Sakane Imm 69 ,Numéro 3220 | L56: =VLOOKUP(A56,#REF!,1,0) -> #REF!
A57: DTLI71065037 | B57: 0529740107 | C57: RTC DTL | D57: VA | E57: NA | H57: 62.559248 | I57: WNA_ | J57: 0662845144 | K57: OPERATION DOHA BORJ AZZAYTOUN , Immeuble GH01-004 ,Numéro imm 4 Bat 10 | L57: =VLOOKUP(A57,#REF!,1,0) -> #REF!
A58: DTLIO00DA619 | B58: 0525316158 | C58: RTC DTL | D58: VA | E58: NA | H58: 61.829826 | I58: MARMT_ | J58: 0615334752 | K58: M'HAMID ,Résidence Noha GH3 Imm 4 ,Numéro 45 Bat 15 | L58: =VLOOKUP(A58,#REF!,1,0) -> #REF!
A59: DTLI71068038 | B59: 0529590306 | C59: RTC DTL | D59: VA | E59: NA | H59: 61.817998 | I59: WNA_ | J59: 212661183621 | K59: M'HAMID , Opération les Jardins d'Anas ,Numéro imm o Bat 1 | L59: =VLOOKUP(A59,#REF!,1,0) -> #REF!
A60: DTLI71070897 | B60: 0529440699 | C60: RTC DTL | D60: VA | E60: NA | H60: 60.805116 | I60: WNA_ | J60: 0771555499 | K60: M'HAMID ,Lotissement M'hamid 9 ,Numéro 74 | L60: =VLOOKUP(A60,#REF!,1,0) -> #REF!
A61: DTLI71074202 | B61: 0529744104 | C61: RTC DTL | D61: VA | E61: NA | H61: 59.671019 | I61: WNA_ | J61: 0662778805 | K61: M'HAMID ,Lotissement M hamid 5 ,Numéro 1066 | L61: =VLOOKUP(A61,#REF!,1,0) -> #REF!
A62: DTLI71078058 | B62: 0529737599 | C62: RTC DTL | D62: VA | E62: NA | H62: 57.546076 | I62: WNA_ | J62: 212626288009 | K62: M'HAMID , Opération El Bahja ,Numéro 9 | L62: =VLOOKUP(A62,#REF!,1,0) -> #REF!
A63: DTLIO00DBB63 | B63: 0525317504 | C63: RTC DTL | D63: VA | E63: NA | H63: 56.624375 | I63: MARMT_ | J63: 0670417703 | K63: M'HAMID ,Lotissement Maatallah ,Numéro 2257 Bat 15 | L63: =VLOOKUP(A63,#REF!,1,0) -> #REF!
A64: DTLI71081239 | B64: 0529744272 | C64: RTC DTL | D64: VA | E64: NA | H64: 55.871493 | I64: WNA_ | J64: 212696175750 | K64: M'HAMID , Opération Borj Ali Imm A M'hamid 9 ,Numéro 5 | L64: =VLOOKUP(A64,#REF!,1,0) -> #REF!
A65: DTLI71082468 | B65: 0529451947 | C65: RTC DTL | D65: VA | E65: NA | H65: 55.625081 | I65: WNA_ | J65: 0666732403 | K65: M'HAMID ,Lotissement Maatallah ,Numéro 74 | L65: =VLOOKUP(A65,#REF!,1,0) -> #REF!
A66: DTLI71086760 | B66: 0529751247 | C66: RTC DTL | D66: VA | E66: NA | H66: 54.640208 | I66: WNA_ | J66: 0633211649 | K66: M'HAMID , Lotissement Berradi II ,Numéro 610 | L66: =VLOOKUP(A66,#REF!,1,0) -> #REF!
A67: DTLIO00DC6B5 | B67: 0525318295 | C67: RTC DTL | D67: VA | E67: NA | H67: 53.860289 | I67: MARMT_ | J67: 0767644178 | K67: BOUAAKAZ ,Lotissement Zerktouni ,Numéro 976 Bat 15 | L67: =VLOOKUP(A67,#REF!,1,0) -> #REF!
A68: DTLI71088197 | B68: 0529750638 | C68: RTC DTL | D68: VA | E68: NA | H68: 53.859711 | I68: WNA_ | J68: 212606166875 | K68: M'HAMID ,Lotissement M'hamid 9 ,Numéro 1124 | L68: =VLOOKUP(A68,#REF!,1,0) -> #REF!
... A75: DTLIO00DDF13 | B75: 0525320345 | C75: RTC DTL | D75: VA | E75: NA | H75: 46.844456 | I75: MARMT_ | J75: 0607032971 | K75: M'HAMID ,Lotissement Berradi II ,Numéro 191 Bat 15 | L75: =VLOOKUP(A75,#REF!,1,0) -> #REF!
A76: 99569569 | B76: 0524372628 | C76: RTC | D76: VA | E76: NA | F76: BZND | H76: 46.627593 | I76: ESSAHELOUAFA | J76: 0684912395 | K76: M'HAMID ,Opération El Bahja ,Numéro 10
A77: DTLIO00DE1CA | B77: 0525320651 | C77: RTC DTL | D77: VA | E77: NA | H77: 46.608924 | I77: MARMT_ | J77: 0644780058 | K77: M'HAMID , Lotissement Saada 2 ,Numéro 1717 | L77: =VLOOKUP(A77,#REF!,1,0) -> #REF!
A78: DTLIO00DE079 | B78: 0525320421 | C78: RTC DTL | D78: VA | E78: NA | H78: 45.926285 | I78: MARMT_ | J78: 0783882579 | K78: M'HAMID ,Lotissement M'hamid 9 ,Numéro 709 | L78: =VLOOKUP(A78,#REF!,1,0) -> #REF!
A79: DTLIO00DDE05 | B79: 0525320256 | C79: RTC DTL | D79: VA | E79: NA | H79: 45.925625 | I79: MARMT_ | J79: 0634669071 | K79: M'HAMID , Bassatine Mrkch GH11 ,Numéro imm 4 Bat 6 | L79: =VLOOKUP(A79,#REF!,1,0) -> #REF!
A80: DTLIO00DE3C6 | B80: 0525320877 | C80: RTC DTL | D80: VA | E80: NA | H80: 45.915833 | I80: MARMT_ | J80: 0698415124 | K80: M'HAMID , Opération Alittifaq ,Numéro IMM J Bat 12 | L80: =VLOOKUP(A80,#REF!,1,0) -> #REF!
A81: DTLI71107344 | B81: 0529759152 | C81: RTC DTL | D81: VA | E81: NA | H81: 44.5975 | I81: WNA_ | J81: 212602145234 | K81: BOUAAKAZ , Opération Miftah Atlass Imm 01 ,Numéro 2 | L81: =VLOOKUP(A81,#REF!,1,0) -> #REF!
A82: DTLIO00DE768 | B82: 0525321126 | C82: RTC DTL | D82: VA | E82: NA | H82: 43.904225 | I82: MARMT_ | J82: 0654894247 | K82: MARRAKECH MEDINA ,MARRAKECH MEDINA ,Quartier Inconnue ,Voie Inconnue ,Numéro 492 Bat 16 | L82: =VLOOKUP(A82,#REF!,1,0) -> #REF!
A83: DTLI71108239 | B83: 0529755943 | C83: RTC DTL | D83: VA | E83: NA | H83: 43.769097 | I83: WNA_ | J83: 212635552764 | K83: M'HAMID , Lotissement M hamid 7 ,Numéro 30 | L83: =VLOOKUP(A83,#REF!,1,0) -> #REF!
A84: DTLIO00DEAA0 | B84: 0525321362 | C84: RTC DTL | D84: VA | E84: NA | H84: 43.60838 | I84: MARMT_ | J84: 0710369110 | K84: M'HAMID ,Lotissement Saada 2 ,Numéro 854 Bat 15 | L84: =VLOOKUP(A84,#REF!,1,0) -> #REF!
A85: DTLIO00DEBDC | B85: 0525321374 | C85: RTC DTL | D85: VA | E85: NA | H85: 43.49081 | I85: MARMT_ | J85: 0680674060 | K85: M'HAMID ,Lotissement Maatallah ,Numéro 425 Bat 15 | L85: =VLOOKUP(A85,#REF!,1,0) -> #REF!
A86: DTLI71110381 | B86: 0529759244 | C86: RTC DTL | D86: VA | E86: NA | H86: 43.31735 | I86: WNA_ | J86: 0696987149 | K86: OPERATION DOHA BORJ AZZAYTOUN , Mag Opération Doha Borj Azzaytoun ,Numéro 294 | L86: =VLOOKUP(A86,#REF!,1,0) -> #REF!
A87: DTLI71111924 | B87: 0529760823 | C87: RTC DTL | D87: VA | E87: NA | H87: 42.668692 | I87: WNA_ | J87: 212700180323 | K87: M'HAMID ,Lotissement Nahda ,Numéro 1085 Bat 1 Esc 11 Etage 1 Porte 1 | L87: =VLOOKUP(A87,#REF!,1,0) -> #REF!
A88: DTLI71111929 | B88: 0529761384 | C88: RTC DTL | D88: VA | E88: NA | H88: 42.666956 | I88: WNA_ | J88: 212603261426 | K88: M'HAMID ,Lotissement Al Housna ,Numéro 320 | L88: =VLOOKUP(A88,#REF!,1,0) -> #REF!
... A96: DTLIO00DF940 | B96: 0525322526 | C96: RTC DTL | D96: VA | E96: NA | H96: 40.535336 | I96: MARMT_ | J96: 0603822020 | K96: M'HAMID ,Lotissement Nahda ,Numéro 518 | L96: =VLOOKUP(A96,#REF!,1,0) -> #REF!
A97: DTLI71121698 | B97: 0529765307 | C97: RTC DTL | D97: VA | E97: NA | F97: CSEC | G97: msn doha 3 sature | H97: 38.59022 | I97: WNA_ | J97: 212658211025 | K97: OPERATION DOHA ,Voie Inconnue , | L97: =VLOOKUP(A97,[2]MOTIF!$B:$F,5,0) -> #N/A
A98: DTLI71122646 | B98: 0529765255 | C98: RTC DTL | D98: VA | E98: NA | H98: 37.527326 | I98: WNA_ | J98: 212719524243 | K98: M'HAMID ,Lotissement M hamid 7 ,Numéro 506 | L98: =VLOOKUP(A98,#REF!,1,0) -> #REF!
A99: DTLI71123851 | B99: 0529766065 | C99: RTC DTL | D99: VA | E99: NA | H99: 36.672847 | I99: WNA_ | J99: 0604305132 | K99: BOUAAKAZ ,Lotissement Zerktouni ,Numéro 631 | L99: =VLOOKUP(A99,#REF!,1,0) -> #REF!
A100: 99616515 | B100: 0524206911 | C100: RTC | D100: VA | E100: RM | H100: 36.654329 | I100: ABOURIALKHADIJA | J100: 0630648780 | K100: M'HAMID ,Les jardins d Abrar GH6-Imm53 ,Numéro 12
A101: DTLI71124249 | B101: 0529766611 | C101: RTC DTL | D101: VA | E101: NA | H101: 36.598044 | I101: WNA_ | J101: 212666452864 | K101: M'HAMID , Opération El Bahja Imm 16 ,Numéro 16 | L101: =VLOOKUP(A101,#REF!,1,0) -> #REF!
A102: DTLI71127369 | B102: 0529766819 | C102: RTC DTL | D102: VA | E102: NA | H102: 35.579213 | I102: WNA_ | J102: 212674068447 | K102: M'HAMID ,Lotissement M hamid 4 ,Numéro 236 | L102: =VLOOKUP(A102,#REF!,1,0) -> #REF!
A103: DTLIO00E0425 | B103: 0525323624 | C103: RTC DTL | D103: VA | E103: NA | H103: 35.557894 | I103: MARMT_ | J103: 0620309026 | K103: M'HAMID , Opération Eddarraz Imm 94 ,Numéro 6 Bat IMM 95 | L103: =VLOOKUP(A103,#REF!,1,0) -> #REF!
A104: DTLIO00DE707 | B104: 0525321080 | C104: RTC DTL | D104: VA | E104: NA | F104: TRSA | G104: TT Satué Mha11 | H104: 33.748715 | I104: MARMT_ | J104: 0640447116 | K104: SIDI YOUSSEF BEN ALI ,HARBIL ,TAMANSOURTE ,Riad Atlas ,Numéro Bat 17 | L104: =VLOOKUP(A104,[2]MOTIF!$B:$F,5,0) -> #N/A
A105: DTLI71138243 | B105: 0529770402 | C105: RTC DTL | D105: VA | E105: NA | H105: 32.663877 | I105: WNA_ | J105: 212609184042 | K105: M'HAMID ,Lotissement M hamid 4 ,Numéro 287 | L105: =VLOOKUP(A105,#REF!,1,0) -> #REF!
A106: DTLI71138250 | B106: 0529770480 | C106: RTC DTL | D106: VA | E106: NA | H106: 32.662639 | I106: WNA_ | J106: 212676725369 | K106: BOUAAKAZ ,Bloc 16 ,Numéro 912 | L106: =VLOOKUP(A106,#REF!,1,0) -> #REF!
A107: DTLIO00E1AA5 | B107: 0525325690 | C107: RTC DTL | D107: VA | E107: NA | H107: 31.724907 | I107: MARMT_ | J107: 0606555555 | K107: M'HAMID ,Résidence Izdihar 2 Imm 8 Mhamid 9 ,Numéro 14 Bat 15 | L107: =VLOOKUP(A107,#REF!,1,0) -> #REF!
A108: DTLI71140118 | B108: 0529771561 | C108: RTC DTL | D108: VA | E108: NA | H108: 31.720949 | I108: WNA_ | J108: 212604959583 | K108: M'HAMID , Opération les Jardins d'Anas Imm I ,Numéro 8 | L108: =VLOOKUP(A108,#REF!,1,0) -> #REF!
A109: DTLI71140259 | B109: 0529771793 | C109: RTC DTL | D109: VA | E109: NA | H109: 31.653715 | I109: WNA_ | J109: 212671607081 | K109: M'HAMID , Opération Badr 2 Imm 1 ,Numéro 8 | L109: =VLOOKUP(A109,#REF!,1,0) -> #REF!
A110: DTLIO00E1D56 | B110: 0525325888 | C110: RTC DTL | D110: VA | E110: NA | H110: 29.825289 | I110: MARMT_ | J110: 0615059965 | K110: BOUAAKAZ , Opération Hadaiq Chrifia ,Numéro imm 120 Bat 7 | L110: =VLOOKUP(A110,#REF!,1,0) -> #REF!
A111: DTLI71143707 | B111: 0529758031 | C111: RTC DTL | D111: VA | E111: NA | H111: 29.749282 | I111: WNA_ | J111: 212660680385 | K111: BOUAAKAZ ,Bloc 16 ,Numéro 947 | L111: =VLOOKUP(A111,#REF!,1,0) -> #REF!
A112: DTLI71146791 | B112: 0529770662 | C112: RTC DTL | D112: VA | E112: NA | H112: 28.86456 | I112: WNA_ | J112: 212630359681 | K112: M'HAMID , Lotissement M hamid 7 ,Numéro 32 | L112: =VLOOKUP(A112,#REF!,1,0) -> #REF!
A113: DTLIO00E227D | B113: 0525326377 | C113: RTC DTL | D113: VA | E113: NA | H113: 28.810081 | I113: MARMT_ | J113: 0671881457 | K113: OPERATION DOHA BORJ AZZAYTOUN , Immeuble GH11-AO73 ,Numéro imm 73 Bat 11 | L113: =VLOOKUP(A113,#REF!,1,0) -> #REF!
A114: DTLI02223466 | B114: 0529592534 | C114: RTC DTL | D114: VA | E114: NA | F114: TB | H114: 28.564421 | I114: WNA_ | J114: 0666856212 | K114: M'HAMID , Dispenssaire M hamid ,Numéro 1 Porte SAID | L114: =VLOOKUP(A114,[2]MOTIF!$B:$F,5,0) -> #N/A
A115: DTLIO00E2456 | B115: 0525326527 | C115: RTC DTL | D115: VA | E115: NA | H115: 28.517627 | I115: MARMT_ | J115: 0663560555 | K115: M'HAMID , Jawharat M'haimid GH1 Imm 2 ,Numéro imm 1 Bat 21 | L115: =VLOOKUP(A115,[2]MOTIF!$B:$F,5,0) -> #N/A
A116: DTLIO00E283B | B116: 0525326864 | C116: RTC DTL | D116: VA | E116: NA | H116: 27.680775 | I116: MARMT_ | J116: 0631623910 | K116: M'HAMID ,Lotissement M'hamid 9 ,Numéro 725 | L116: =VLOOKUP(A116,#REF!,1,0) -> #REF!
A117: DTLI71150548 | B117: 0529775700 | C117: RTC DTL | D117: VA | E117: NA | H117: 27.505417 | I117: WNA_ | J117: 212704987521 | K117: M'HAMID , Bassatine Mrkch GH4-Imm 18S Mhamid9 ,Numéro imm S Bat 62 | L117: =VLOOKUP(A117,#REF!,1,0) -> #REF!
A118: DTLIO00E2C96 | B118: 0525327231 | C118: RTC DTL | D118: VA | E118: NA | F118: TRSA | G118: TT Saturé Mha157 | H118: 26.68206 | I118: MARMT_ | J118: 0654207778 | K118: Province M'HAMID ,Lotissement Houman El Fetouaki ,Numéro 322 | L118: =VLOOKUP(A118,[2]MOTIF!$B:$F,5,0) -> #N/A
A119: DTLI71154555 | B119: 0529777062 | C119: RTC DTL | D119: VA | E119: NA | F119: TRSA | G119: TT Saturé Mha11 | H119: 26.634896 | I119: WNA_ | J119: 212629174402 | K119: M'HAMID ,Lotissement Nahda ,Numéro 1097 | L119: =VLOOKUP(A119,[2]MOTIF!$B:$F,5,0) -> #N/A
A120: DTLI71155350 | B120: 0529776934 | C120: RTC DTL | D120: VA | E120: NA | H120: 26.413206 | I120: WNA_ | J120: 0616038664 | K120: OPERATION AL ITTIFAQ ,Immeuble A3 ,Numéro 12 | L120: =VLOOKUP(A120,#REF!,1,0) -> #REF!
A121: DTLIO00E2D7C | B121: 0525327299 | C121: RTC DTL | D121: VA | E121: NA | H121: 25.904132 | I121: MARMT_ | J121: 0661638806 | K121: M'HAMID ,Lotissement Al Amane ,Numéro 341 Bat 15 | L121: =VLOOKUP(A121,#REF!,1,0) -> #REF!
A122: DTLI71155943 | B122: 0529778582 | C122: RTC DTL | D122: VA | E122: NA | F122: TRSA | G122: DTLI71155943 | H122: 25.844398 | I122: WNA_ | J122: 212600957318 | K122: M'HAMID ,Lotissement M hamid 4 , | L122: =VLOOKUP(A122,[2]MOTIF!$B:$F,5,0) -> #N/A
A123: DTLI71156194 | B123: 0529778220 | C123: RTC DTL | D123: VA | E123: NA | H123: 25.811563 | I123: WNA_ | J123: 0611171699 | K123: M'HAMID , Ain Souna Imm A1 ,Numéro imm A7 Bat 12 | L123: =VLOOKUP(A123,#REF!,1,0) -> #REF!
A124: 99668028 | B124: 0524372507 | C124: RTC | D124: VA | E124: NA | F124: TRSA | G124: TT SaturÃ© Mha152 | H124: 25.662326 | I124: ABRAR VISION | J124: 0663088446 | K124: M'HAMID ,Les jardins d Abrar GH1-Imm8 ,Numéro 49
A125: 99668760 | B125: 0524208087 | C125: RTC | D125: VA | E125: NA | H125: 25.608194 | I125: TOUILIISMAIL | J125: 0621116098 | K125: M'HAMID ,Résidence Noha Imm 2 ,Numéro 1
A126: DTLIO00E31E9 | B126: 0525327632 | C126: RTC DTL | D126: VA | E126: NA | F126: TRSA | G126: TT Saturé Mha143 | H126: 25.575544 | I126: MARMT_ | J126: 0721144144 | K126: BOUAAKAZ , Lotissement Les Jardins Chrifia ,Numéro imm 92 Bat 9 | L126: =VLOOKUP(A126,[2]MOTIF!$B:$F,5,0) -> #N/A
A127: DTLI71156919 | B127: 0529778859 | C127: RTC DTL | D127: VA | E127: NA | H127: 25.560694 | I127: WNA_ | J127: 212637388644 | K127: M'HAMID ,Ain Souna Imm C4 ,Numéro 3 | L127: =VLOOKUP(A127,#REF!,1,0) -> #REF!
A128: DTLI71157297 | B128: 0529779554 | C128: RTC DTL | D128: VA | E128: NA | H128: 25.418623 | I128: WNA_ | J128: 212654622701 | K128: M'HAMID , Opération Diour Atlas Imm T ,Numéro 4 | L128: =VLOOKUP(A128,#REF!,1,0) -> #REF!
A129: DTLIO00E340B | B129: 0525502174 | C129: RTC DTL | D129: VA | E129: NA | F129: TRSA | G129: TT Saturé Mha157 | H129: 24.807813 | I129: MARMT_ | J129: 0662152598 | K129: M'HAMID ,Lotissement Houman El Fetouaki ,Numéro 336 Bat 15 | L129: =VLOOKUP(A129,[2]MOTIF!$B:$F,5,0) -> #N/A
A130: DFOIM00MB24X88K | B130: 0525327423 | C130: GPON DFO | D130: VA | E130: NA | H130: 24.800116 | I130: MARMT_ | J130: 0610861395 | K130: Province M'HAMID ,Lotissement El Goumi ,Numéro 125
A131: DTLI71160057 | B131: 0529779741 | C131: RTC DTL | D131: VA | E131: NA | H131: 24.768009 | I131: WNA_ | J131: 212661864289 | K131: OPERATION GHARNATA ,Immeuble G ,Numéro 9 | L131: =VLOOKUP(A131,#REF!,1,0) -> #REF!
A132: DTLI71160239 | B132: 0529775332 | C132: RTC DTL | D132: VA | E132: NA | H132: 24.714387 | I132: WNA_ | J132: 0671816189 | K132: BOUAAKAZ ,Lotissement Zerktouni ,Porte 1085 | L132: =VLOOKUP(A132,#REF!,1,0) -> #REF!
A133: DTLI02223928 | B133: 0529596059 | C133: RTC DTL | D133: VA | E133: NA | H133: 24.623264 | I133: WNA_ | J133: 212674294294 | K133: M'HAMID , Opération les Jardins d'Anas Imm R ,Numéro 9 | L133: =VLOOKUP(A133,#REF!,1,0) -> #REF!
A134: DTLI71160547 | B134: 0529779827 | C134: RTC DTL | D134: VA | E134: NA | H134: 24.58919 | I134: WNA_ | J134: 212678868644 | K134: M'HAMID , Opération El Bahja ,Numéro 2 Porte SAID | L134: =VLOOKUP(A134,#REF!,1,0) -> #REF!
A135: DTLIO00E366D | B135: 0525328000 | C135: RTC DTL | D135: VA | E135: NA | H135: 23.754769 | I135: MARMT_ | J135: 0526254897 | K135: GUELIZ ,Voie Inconnue ,Numéro SN Bat 15 | L135: =VLOOKUP(A135,[2]MOTIF!$B:$F,5,0) -> #N/A
A136: 99672070 | B136: 0524371638 | C136: RTC | D136: VA | E136: TL | F136: TRSA | G136: TR saturÃ© mha:143 | H136: 22.92809 | I136: CHAWKIHICHAM | J136: 000000000 | K136: BOUAAKAZ ,Opération Jardins Chrifia Imm 152 ,Numéro 8
A137: 99673789 | C137: GPON | D137: VA | E137: NA | F137: BCPC | G137: PCO NF | H137: 22.799641 | I137: FAIZABDELLAH | J137: 662298809 | K137: M'HAMID ,Lotissement Ouirguane ,Numéro 193 Porte 193
A138: 99674932 | C138: GPON | D138: VA | E138: NA | F138: BCPC | G138: ISOTECH LE 28-05-2025 | H138: 22.703206 | I138: AZZABIAHMED | J138: 0666922127 | K138: M'HAMID ,Lotissement Al Bahja 4 ,Numéro 410
A139: DTLI71162707 | B139: 0529780312 | C139: RTC DTL | D139: VA | E139: NA | F139: TRSA | G139: DTLI71162707 | H139: 22.642315 | I139: WNA_ | J139: 212630440770 | K139: Province M'HAMID ,Lotissement Houman El Fetouaki ,Numéro 341 | L139: =VLOOKUP(A139,[2]MOTIF!$B:$F,5,0) -> #N/A
...

Sheet SITUATION19
A1: N° Com. | B1: ND | C1: S. Produit | D1: Etat | E1: Op | F1: Motif | G1: com. motif | H1: Délai(j) | I1: Intitulé client | J1: Contact client | K1: Adresse | L1: A
A2: DTLI70641411 | B2: 0529418093 | C2: RTC DTL | D2: VA | E2: NA | H2: 211.5174 | I2: WNA_ | J2: 0641373034 | K2: M'HAMID ,Lotissement Al Housna ,Porte 372 | L2: =VLOOKUP(A2,#REF!,1,0) -> #REF!
A3: DTLI70727850 | B3: 0529609744 | C3: RTC DTL | D3: VA | E3: NA | F3: CRI | H3: 186.39736 | I3: WNA_ | J3: 0671369895 | K3: BOUAAKAZ , Opération Bahia Sakane Imm 64 ,Numéro 19 | L3: =VLOOKUP(A3,#REF!,1,0) -> #REF!
A4: DTLI70734641 | B4: 0529647012 | C4: RTC DTL | D4: VA | E4: NA | H4: 183.45184 | I4: WNA_ | J4: 0708917890 | K4: M'HAMID , Les jardins d Abrar GH3-Imm28 ,Numéro 29 | L4: =VLOOKUP(A4,#REF!,1,0) -> #REF!
A5: DTLIO00BBED7 | B5: 0520960948 | C5: RTC DTL | D5: VA | E5: NA | H5: 177.86016 | I5: MARMT_ | J5: 0641080135 | K5: M'HAMID , Lotissement Berradi II ,Numéro 493 | L5: =VLOOKUP(A5,#REF!,1,0) -> #REF!
A6: DTLI70808185 | B6: 0529580630 | C6: RTC DTL | D6: VA | E6: NA | H6: 158.71365 | I6: WNA_ | J6: 0626972101 | K6: M'HAMID , Bloc 19 ,Numéro 725 | L6: =VLOOKUP(A6,#REF!,1,0) -> #REF!
A7: DTLI70815011 | B7: 0529591519 | C7: RTC DTL | D7: VA | E7: NA | H7: 156.555 | I7: WNA_ | J7: 0624096534 | K7: M'HAMID , Op Abwab Al Atlas Imm B3 ,Numéro 40 | L7: =VLOOKUP(A7,#REF!,1,0) -> #REF!
A8: DTLI70822536 | B8: 529410591 | C8: RTC DTL | D8: VA | E8: NA | H8: 153.7698 | I8: WNA_ | J8: 0696365109 | K8: BOUAAKAZ ,Bloc 12 ,Numéro 583 | L8: =VLOOKUP(A8,#REF!,1,0) -> #REF!
A9: DTLI70823120 | B9: 0529429466 | C9: RTC DTL | D9: VA | E9: NA | H9: 153.65277 | I9: WNA_ | J9: 212661744871 | K9: BOUAAKAZ , Opération Bahia Sakane Imm 73 ,Numéro 1065 | L9: =VLOOKUP(A9,#REF!,1,0) -> #REF!
A10: DTLI70831392 | B10: 0529432499 | C10: RTC DTL | D10: VA | E10: NA | H10: 151.51706 | I10: WNA_ | J10: 0694778288 | K10: Province M'HAMID ,Opération les Jardins d'Anas Imm E1 ,Numéro 18 | L10: =VLOOKUP(A10,#REF!,1,0) -> #REF!
A11: DTLI70834878 | B11: 0529440893 | C11: RTC DTL | D11: VA | E11: NA | H11: 149.41674 | I11: WNA_ | J11: 212661940825 | K11: M'HAMID , Opération Diour Atlas Imm V ,Numéro 11 Bat imm w | L11: =VLOOKUP(A11,#REF!,1,0) -> #REF!
A12: DTLI70848819 | B12: 0529445356 | C12: RTC DTL | D12: VA | E12: NA | H12: 145.53113 | I12: WNA_ | J12: 0669334904 | K12: M'HAMID , Les jardins d Abrar GH5-Imm47 ,Numéro 5 | L12: =VLOOKUP(A12,#REF!,1,0) -> #REF!
A13: DTLI70855365 | B13: 0529447317 | C13: RTC DTL | D13: VA | E13: NA | H13: 142.78405 | I13: WNA_ | J13: 212670423087 | K13: M'HAMID ,Lotissement Saada 2 ,Numéro 863 | L13: =VLOOKUP(A13,#REF!,1,0) -> #REF!
A14: DTLIO00C5AD5 | B14: 0525294318 | C14: RTC DTL | D14: VA | E14: NA | H14: 142.53978 | I14: MARMT_ | J14: 0684466786 | K14: M'HAMID , Opération Diour Atlas Imm J ,Numéro 12 Bat IMM V | L14: =VLOOKUP(A14,#REF!,1,0) -> #REF!
A15: DTLIO00C5738 | B15: 0525294069 | C15: RTC DTL | D15: VA | E15: NA | H15: 141.89973 | I15: MARMT_ | J15: 0634669071 | K15: M'HAMID ,Opération Al Bassatine Bloc A ,Numéro 1 Bat 15 | L15: =VLOOKUP(A15,#REF!,1,0) -> #REF!
A16: DTLI70860498 | B16: 0529449243 | C16: RTC DTL | D16: VA | E16: NA | H16: 140.87677 | I16: WNA_ | J16: 212671208444 | K16: M'HAMID , Opération Diour Masjid GH1- Imm1 ,Porte 17 | L16: =VLOOKUP(A16,#REF!,1,0) -> #REF!
A17: DTLI70874878 | B17: 0529455507 | C17: RTC DTL | D17: VA | E17: NA | H17: 135.61127 | I17: WNA_ | J17: 212672749642 | K17: M'HAMID ,Bloc 19 ,Numéro 703 | L17: =VLOOKUP(A17,#REF!,1,0) -> #REF!
A18: DTLI70883534 | B18: 0529458730 | C18: RTC DTL | D18: VA | E18: NA | H18: 132.7424 | I18: WNA_ | J18: 0668762249 | K18: OPERATION DOHA BORJ AZZAYTOUN ,Immeuble GH01-013 ,Numéro 1 | L18: =VLOOKUP(A18,#REF!,1,0) -> #REF!
A19: DTLIO00C9AEA | B19: 0525297958 | C19: RTC DTL | D19: VA | E19: NA | H19: 128.49644 | I19: MARMT_ | J19: 0693845114 | K19: M'HAMID ,Lotissement Al Housna ,Numéro 150 Bat 15 | L19: =VLOOKUP(A19,#REF!,1,0) -> #REF!
A20: DTLI70906912 | B20: 0529469611 | C20: RTC DTL | D20: VA | E20: NA | H20: 126.51146 | I20: WNA_ | J20: 0660241899 | K20: M'HAMID , Ain Souna Imm A1 ,Numéro MAGAZIN 2 | L20: =VLOOKUP(A20,#REF!,1,0) -> #REF!
... A42: DTLI70994638 | B42: 0529712093 | C42: RTC DTL | D42: VA | E42: NA | H42: 93.710104 | I42: WNA_ | J42: 0648684341 | K42: M'HAMID ,Bloc 26 ,Numéro 1191 | L42: =VLOOKUP(A42,#REF!,1,0) -> #REF!
A43: 99407301 | B43: 0524379905 | C43: RTC | D43: VA | E43: NA | F43: EBST | H43: 92.868264 | I43: AOUTARABDELALI | J43: 0661746605 | K43: M'HAMID ,Bassatine Mrkch GH4-Imm 20U Mhamid9 ,Numéro 5 Etage 3
A44: DTLI70996673 | B44: 0529712877 | C44: RTC DTL | D44: VA | E44: NA | H44: 92.780937 | I44: WNA_ | J44: 212635710367 | K44: M'HAMID , Opération Salama GHI-Imm3 ,Numéro 3 Bat BLOC H IMM 03 | L44: =VLOOKUP(A44,#REF!,1,0) -> #REF!
A45: DTLI70997241 | B45: 0529713551 | C45: RTC DTL | D45: VA | E45: NA | H45: 92.710961 | I45: WNA_ | J45: 0657162022 | K45: M'HAMID ,Lotissement Al Housna ,Numéro 464 | L45: =VLOOKUP(A45,#REF!,1,0) -> #REF!
A46: DTLI70998954 | B46: 0529714279 | C46: RTC DTL | D46: VA | E46: NA | H46: 91.7939 | I46: WNA_ | J46: 212660971142 | K46: M'HAMID ,Lotissement Saada 1 ,Numéro 445 | L46: =VLOOKUP(A46,#REF!,1,0) -> #REF!
A47: DTLI71003402 | B47: 0529715890 | C47: RTC DTL | D47: VA | E47: NA | H47: 90.351412 | I47: WNA_ | J47: 0601409696 | K47: M'HAMID , Lotissement M hamid 2 ,Numéro 1564 | L47: =VLOOKUP(A47,#REF!,1,0) -> #REF!
A48: DTLI71014644 | B48: 0529719258 | C48: RTC DTL | D48: VA | E48: NA | H48: 85.387894 | I48: WNA_ | J48: 0663298214 | K48: BOUAAKAZ , Voie Inconnue ,Numéro RES KORTOBA IMM F N 8 | L48: =VLOOKUP(A48,#REF!,1,0) -> #REF!
A49: DTLI71030474 | B49: 0529724741 | C49: RTC DTL | D49: VA | E49: NA | H49: 76.823275 | I49: WNA_ | J49: 212632774634 | K49: M'HAMID , Lotissement M'hamid 9 ,Numéro 509 | L49: =VLOOKUP(A49,#REF!,1,0) -> #REF!
A50: DTLI71034419 | B50: 0529726562 | C50: RTC DTL | D50: VA | E50: NA | H50: 75.546481 | I50: WNA_ | J50: 0616242750 | K50: M'HAMID , Opération Abwab Al Atlas Imm B6 ,Numéro 11 Bat IMM B9 | L50: =VLOOKUP(A50,#REF!,1,0) -> #REF!
A51: DTLI71036742 | B51: 0529728168 | C51: RTC DTL | D51: VA | E51: NA | H51: 74.398843 | I51: WNA_ | J51: 0626372353 | K51: M'HAMID ,Lotissement M hamid 4 ,Numéro 499 | L51: =VLOOKUP(A51,#REF!,1,0) -> #REF!
A52: DTLI02206624 | B52: 0529715759 | C52: RTC DTL | D52: VA | E52: NA | H52: 71.625914 | I52: WNA_ | J52: 212667237667 | K52: M'HAMID , Lotissement M hamid 2 ,Numéro 24 | L52: =VLOOKUP(A52,#REF!,1,0) -> #REF!
A53: 99482279 | B53: 0524361444 | C53: RTC | D53: VA | E53: TR | H53: 69.925567 | I53: EDDACHRAOUIFATIMA | J53: 000000000 | K53: M'HAMID ,Op-Jardins des Orangier Imm D2 ,Etage 1 Porte 8
A54: DTLI71045690 | B54: 0529717351 | C54: RTC DTL | D54: VA | E54: NA | H54: 69.865104 | I54: WNA_ | J54: 0701201631 | K54: M'HAMID ,Lotissement Adrar I ,Numéro 60 | L54: =VLOOKUP(A54,#REF!,1,0) -> #REF!
A55: DTLI02206981 | B55: 0529737462 | C55: RTC DTL | D55: VA | E55: NA | H55: 65.519375 | I55: WNA_ | J55: 212630870058 | K55: M'HAMID ,Lotissement Saada 1 ,Numéro 368 | L55: =VLOOKUP(A55,#REF!,1,0) -> #REF!
A56: DTLI71057362 | B56: 0529720428 | C56: RTC DTL | D56: VA | E56: NA | F56: TRSA | G56: TR saturé Mha:142 | H56: 65.463796 | I56: WNA_ | J56: 212663804910 | K56: BOUAAKAZ , Opération Bahia Sakane Imm 69 ,Numéro 3220 | L56: =VLOOKUP(A56,#REF!,1,0) -> #REF!
A57: DTLI71065037 | B57: 0529740107 | C57: RTC DTL | D57: VA | E57: NA | H57: 63.560683 | I57: WNA_ | J57: 0662845144 | K57: OPERATION DOHA BORJ AZZAYTOUN , Immeuble GH01-004 ,Numéro imm 4 Bat 10 | L57: =VLOOKUP(A57,#REF!,1,0) -> #REF!
A58: DTLIO00DA619 | B58: 0525316158 | C58: RTC DTL | D58: VA | E58: NA | H58: 62.831262 | I58: MARMT_ | J58: 0615334752 | K58: M'HAMID ,Résidence Noha GH3 Imm 4 ,Numéro 45 Bat 15 | L58: =VLOOKUP(A58,#REF!,1,0) -> #REF!
A59: DTLI71068038 | B59: 0529590306 | C59: RTC DTL | D59: VA | E59: NA | H59: 62.819433 | I59: WNA_ | J59: 212661183621 | K59: M'HAMID , Opération les Jardins d'Anas ,Numéro imm o Bat 1 | L59: =VLOOKUP(A59,#REF!,1,0) -> #REF!
A60: DTLI71070897 | B60: 0529440699 | C60: RTC DTL | D60: VA | E60: NA | H60: 61.806551 | I60: WNA_ | J60: 0771555499 | K60: M'HAMID ,Lotissement M'hamid 9 ,Numéro 74 | L60: =VLOOKUP(A60,#REF!,1,0) -> #REF!
A61: DTLI71074202 | B61: 0529744104 | C61: RTC DTL | D61: VA | E61: NA | H61: 60.672454 | I61: WNA_ | J61: 0662778805 | K61: M'HAMID ,Lotissement M hamid 5 ,Numéro 1066 | L61: =VLOOKUP(A61,#REF!,1,0) -> #REF!
A62: DTLI71078058 | B62: 0529737599 | C62: RTC DTL | D62: VA | E62: NA | H62: 58.547512 | I62: WNA_ | J62: 212626288009 | K62: M'HAMID , Opération El Bahja ,Numéro 9 | L62: =VLOOKUP(A62,#REF!,1,0) -> #REF!
A63: DTLIO00DBB63 | B63: 0525317504 | C63: RTC DTL | D63: VA | E63: NA | H63: 57.62581 | I63: MARMT_ | J63: 0670417703 | K63: M'HAMID ,Lotissement Maatallah ,Numéro 2257 Bat 15 | L63: =VLOOKUP(A63,#REF!,1,0) -> #REF!
A64: DTLI71081239 | B64: 0529744272 | C64: RTC DTL | D64: VA | E64: NA | H64: 56.872928 | I64: WNA_ | J64: 212696175750 | K64: M'HAMID , Opération Borj Ali Imm A M'hamid 9 ,Numéro 5 | L64: =VLOOKUP(A64,#REF!,1,0) -> #REF!
A65: DTLI71082468 | B65: 0529451947 | C65: RTC DTL | D65: VA | E65: NA | H65: 56.626516 | I65: WNA_ | J65: 0666732403 | K65: M'HAMID ,Lotissement Maatallah ,Numéro 74 | L65: =VLOOKUP(A65,#REF!,1,0) -> #REF!
A66: DTLI71086760 | B66: 0529751247 | C66: RTC DTL | D66: VA | E66: NA | H66: 55.641644 | I66: WNA_ | J66: 0633211649 | K66: M'HAMID , Lotissement Berradi II ,Numéro 610 | L66: =VLOOKUP(A66,#REF!,1,0) -> #REF!
A67: DTLIO00DC6B5 | B67: 0525318295 | C67: RTC DTL | D67: VA | E67: NA | H67: 54.861725 | I67: MARMT_ | J67: 0767644178 | K67: BOUAAKAZ ,Lotissement Zerktouni ,Numéro 976 Bat 15 | L67: =VLOOKUP(A67,#REF!,1,0) -> #REF!
A68: DTLI71088197 | B68: 0529750638 | C68: RTC DTL | D68: VA | E68: NA | H68: 54.861146 | I68: WNA_ | J68: 212606166875 | K68: M'HAMID ,Lotissement M'hamid 9 ,Numéro 1124 | L68: =VLOOKUP(A68,#REF!,1,0) -> #REF!
... A75: DTLIO00DDF13 | B75: 0525320345 | C75: RTC DTL | D75: VA | E75: NA | H75: 47.845891 | I75: MARMT_ | J75: 0607032971 | K75: M'HAMID ,Lotissement Berradi II ,Numéro 191 Bat 15 | L75: =VLOOKUP(A75,#REF!,1,0) -> #REF!
A76: 99569569 | B76: 0524372628 | C76: RTC | D76: VA | E76: NA | F76: BZND | H76: 47.629028 | I76: ESSAHELOUAFA | J76: 0684912395 | K76: M'HAMID ,Opération El Bahja ,Numéro 10
A77: DTLIO00DE1CA | B77: 0525320651 | C77: RTC DTL | D77: VA | E77: NA | H77: 47.610359 | I77: MARMT_ | J77: 0644780058 | K77: M'HAMID , Lotissement Saada 2 ,Numéro 1717 | L77: =VLOOKUP(A77,#REF!,1,0) -> #REF!
A78: DTLIO00DE079 | B78: 0525320421 | C78: RTC DTL | D78: VA | E78: NA | H78: 46.92772 | I78: MARMT_ | J78: 0783882579 | K78: M'HAMID ,Lotissement M'hamid 9 ,Numéro 709 | L78: =VLOOKUP(A78,#REF!,1,0) -> #REF!
A79: DTLIO00DDE05 | B79: 0525320256 | C79: RTC DTL | D79: VA | E79: NA | H79: 46.92706 | I79: MARMT_ | J79: 0634669071 | K79: M'HAMID , Bassatine Mrkch GH11 ,Numéro imm 4 Bat 6 | L79: =VLOOKUP(A79,#REF!,1,0) -> #REF!
A80: DTLIO00DE3C6 | B80: 0525320877 | C80: RTC DTL | D80: VA | E80: NA | H80: 46.917269 | I80: MARMT_ | J80: 0698415124 | K80: M'HAMID , Opération Alittifaq ,Numéro IMM J Bat 12 | L80: =VLOOKUP(A80,#REF!,1,0) -> #REF!
A81: DTLI71107344 | B81: 0529759152 | C81: RTC DTL | D81: VA | E81: NA | H81: 45.598935 | I81: WNA_ | J81: 212602145234 | K81: BOUAAKAZ , Opération Miftah Atlass Imm 01 ,Numéro 2 | L81: =VLOOKUP(A81,#REF!,1,0) -> #REF!
A82: DTLIO00DE768 | B82: 0525321126 | C82: RTC DTL | D82: VA | E82: NA | H82: 44.90566 | I82: MARMT_ | J82: 0654894247 | K82: MARRAKECH MEDINA ,MARRAKECH MEDINA ,Quartier Inconnue ,Voie Inconnue ,Numéro 492 Bat 16 | L82: =VLOOKUP(A82,#REF!,1,0) -> #REF!
A83: DTLI71108239 | B83: 0529755943 | C83: RTC DTL | D83: VA | E83: NA | H83: 44.770532 | I83: WNA_ | J83: 212635552764 | K83: M'HAMID , Lotissement M hamid 7 ,Numéro 30 | L83: =VLOOKUP(A83,#REF!,1,0) -> #REF!
A84: DTLIO00DEAA0 | B84: 0525321362 | C84: RTC DTL | D84: VA | E84: NA | H84: 44.609815 | I84: MARMT_ | J84: 0710369110 | K84: M'HAMID ,Lotissement Saada 2 ,Numéro 854 Bat 15 | L84: =VLOOKUP(A84,#REF!,1,0) -> #REF!
A85: DTLIO00DEBDC | B85: 0525321374 | C85: RTC DTL | D85: VA | E85: NA | H85: 44.492245 | I85: MARMT_ | J85: 0680674060 | K85: M'HAMID ,Lotissement Maatallah ,Numéro 425 Bat 15 | L85: =VLOOKUP(A85,#REF!,1,0) -> #REF!
A86: DTLI71110381 | B86: 0529759244 | C86: RTC DTL | D86: VA | E86: NA | H86: 44.318785 | I86: WNA_ | J86: 0696987149 | K86: OPERATION DOHA BORJ AZZAYTOUN , Mag Opération Doha Borj Azzaytoun ,Numéro 294 | L86: =VLOOKUP(A86,#REF!,1,0) -> #REF!
A87: DTLI71111924 | B87: 0529760823 | C87: RTC DTL | D87: VA | E87: NA | H87: 43.670127 | I87: WNA_ | J87: 212700180323 | K87: M'HAMID ,Lotissement Nahda ,Numéro 1085 Bat 1 Esc 11 Etage 1 Porte 1 | L87: =VLOOKUP(A87,#REF!,1,0) -> #REF!
A88: DTLI71111929 | B88: 0529761384 | C88: RTC DTL | D88: VA | E88: NA | H88: 43.668391 | I88: WNA_ | J88: 212603261426 | K88: M'HAMID ,Lotissement Al Housna ,Numéro 320 | L88: =VLOOKUP(A88,#REF!,1,0) -> #REF!
... A96: DTLIO00DF940 | B96: 0525322526 | C96: RTC DTL | D96: VA | E96: NA | H96: 41.536771 | I96: MARMT_ | J96: 0603822020 | K96: M'HAMID ,Lotissement Nahda ,Numéro 518 | L96: =VLOOKUP(A96,#REF!,1,0) -> #REF!
A97: DTLI71121698 | B97: 0529765307 | C97: RTC DTL | D97: VA | E97: NA | F97: CSEC | G97: msn doha 3 sature | H97: 39.591655 | I97: WNA_ | J97: 212658211025 | K97: OPERATION DOHA ,Voie Inconnue , | L97: =VLOOKUP(A97,[2]MOTIF!$B:$F,5,0) -> #N/A
A98: DTLI71122646 | B98: 0529765255 | C98: RTC DTL | D98: VA | E98: NA | H98: 38.528762 | I98: WNA_ | J98: 212719524243 | K98: M'HAMID ,Lotissement M hamid 7 ,Numéro 506 | L98: =VLOOKUP(A98,#REF!,1,0) -> #REF!
A99: DTLI71123851 | B99: 0529766065 | C99: RTC DTL | D99: VA | E99: NA | H99: 37.674282 | I99: WNA_ | J99: 0604305132 | K99: BOUAAKAZ ,Lotissement Zerktouni ,Numéro 631 | L99: =VLOOKUP(A99,#REF!,1,0) -> #REF!
A100: 99616515 | B100: 0524206911 | C100: RTC | D100: VA | E100: RM | H100: 37.655764 | I100: ABOURIALKHADIJA | J100: 0630648780 | K100: M'HAMID ,Les jardins d Abrar GH6-Imm53 ,Numéro 12
A101: DTLI71124249 | B101: 0529766611 | C101: RTC DTL | D101: VA | E101: NA | H101: 37.599479 | I101: WNA_ | J101: 212666452864 | K101: M'HAMID , Opération El Bahja Imm 16 ,Numéro 16 | L101: =VLOOKUP(A101,#REF!,1,0) -> #REF!
A102: DTLIO00E0425 | B102: 0525323624 | C102: RTC DTL | D102: VA | E102: NA | H102: 36.559329 | I102: MARMT_ | J102: 0620309026 | K102: M'HAMID , Opération Eddarraz Imm 94 ,Numéro 6 Bat IMM 95 | L102: =VLOOKUP(A102,#REF!,1,0) -> #REF!
A103: DTLIO00DE707 | B103: 0525321080 | C103: RTC DTL | D103: VA | E103: NA | F103: TRSA | G103: TT Satué Mha11 | H103: 34.75015 | I103: MARMT_ | J103: 0640447116 | K103: SIDI YOUSSEF BEN ALI ,HARBIL ,TAMANSOURTE ,Riad Atlas ,Numéro Bat 17 | L103: =VLOOKUP(A103,[2]MOTIF!$B:$F,5,0) -> #N/A
A104: DTLI71138243 | B104: 0529770402 | C104: RTC DTL | D104: VA | E104: NA | H104: 33.665312 | I104: WNA_ | J104: 212609184042 | K104: M'HAMID ,Lotissement M hamid 4 ,Numéro 287 | L104: =VLOOKUP(A104,#REF!,1,0) -> #REF!
A105: DTLI71138250 | B105: 0529770480 | C105: RTC DTL | D105: VA | E105: NA | H105: 33.664074 | I105: WNA_ | J105: 212676725369 | K105: BOUAAKAZ ,Bloc 16 ,Numéro 912 | L105: =VLOOKUP(A105,#REF!,1,0) -> #REF!
A106: DTLIO00E1AA5 | B106: 0525325690 | C106: RTC DTL | D106: VA | E106: NA | H106: 32.726343 | I106: MARMT_ | J106: 0606555555 | K106: M'HAMID ,Résidence Izdihar 2 Imm 8 Mhamid 9 ,Numéro 14 Bat 15 | L106: =VLOOKUP(A106,#REF!,1,0) -> #REF!
A107: DTLI71140118 | B107: 0529771561 | C107: RTC DTL | D107: VA | E107: NA | H107: 32.722384 | I107: WNA_ | J107: 212604959583 | K107: M'HAMID , Opération les Jardins d'Anas Imm I ,Numéro 8 | L107: =VLOOKUP(A107,#REF!,1,0) -> #REF!
A108: DTLI71140259 | B108: 0529771793 | C108: RTC DTL | D108: VA | E108: NA | H108: 32.65515 | I108: WNA_ | J108: 212671607081 | K108: M'HAMID , Opération Badr 2 Imm 1 ,Numéro 8 | L108: =VLOOKUP(A108,#REF!,1,0) -> #REF!
A109: DTLIO00E1D56 | B109: 0525325888 | C109: RTC DTL | D109: VA | E109: NA | H109: 30.826725 | I109: MARMT_ | J109: 0615059965 | K109: BOUAAKAZ , Opération Hadaiq Chrifia ,Numéro imm 120 Bat 7 | L109: =VLOOKUP(A109,#REF!,1,0) -> #REF!
A110: DTLI71143707 | B110: 0529758031 | C110: RTC DTL | D110: VA | E110: NA | H110: 30.750718 | I110: WNA_ | J110: 212660680385 | K110: BOUAAKAZ ,Bloc 16 ,Numéro 947 | L110: =VLOOKUP(A110,#REF!,1,0) -> #REF!
A111: DTLI71146791 | B111: 0529770662 | C111: RTC DTL | D111: VA | E111: NA | H111: 29.865995 | I111: WNA_ | J111: 212630359681 | K111: M'HAMID , Lotissement M hamid 7 ,Numéro 32 | L111: =VLOOKUP(A111,#REF!,1,0) -> #REF!
A112: DTLIO00E227D | B112: 0525326377 | C112: RTC DTL | D112: VA | E112: NA | H112: 29.811516 | I112: MARMT_ | J112: 0671881457 | K112: OPERATION DOHA BORJ AZZAYTOUN , Immeuble GH11-AO73 ,Numéro imm 73 Bat 11 | L112: =VLOOKUP(A112,#REF!,1,0) -> #REF!
A113: DTLI02223466 | B113: 0529592534 | C113: RTC DTL | D113: VA | E113: NA | F113: TB | H113: 29.565856 | I113: WNA_ | J113: 0666856212 | K113: M'HAMID , Dispenssaire M hamid ,Numéro 1 Porte SAID | L113: =VLOOKUP(A113,[2]MOTIF!$B:$F,5,0) -> #N/A
A114: DTLIO00E2456 | B114: 525326527 | C114: RTC DTL | D114: VA | E114: NA | H114: 29.519063 | I114: MARMT_ | J114: 0663560555 | K114: M'HAMID , Jawharat M'haimid GH1 Imm 2 ,Numéro imm 1 Bat 21 | L114: =VLOOKUP(A114,[2]MOTIF!$B:$F,5,0) -> #N/A
A115: DTLIO00E283B | B115: 0525326864 | C115: RTC DTL | D115: VA | E115: NA | H115: 28.682211 | I115: MARMT_ | J115: 0631623910 | K115: M'HAMID ,Lotissement M'hamid 9 ,Numéro 725 | L115: =VLOOKUP(A115,#REF!,1,0) -> #REF!
A116: DTLI71150548 | B116: 0529775700 | C116: RTC DTL | D116: VA | E116: NA | H116: 28.506852 | I116: WNA_ | J116: 212704987521 | K116: M'HAMID , Bassatine Mrkch GH4-Imm 18S Mhamid9 ,Numéro imm S Bat 62 | L116: =VLOOKUP(A116,#REF!,1,0) -> #REF!
A117: DTLIO00E2C96 | B117: 0525327231 | C117: RTC DTL | D117: VA | E117: NA | F117: TRSA | G117: TT Saturé Mha157 | H117: 27.683495 | I117: MARMT_ | J117: 0654207778 | K117: Province M'HAMID ,Lotissement Houman El Fetouaki ,Numéro 322 | L117: =VLOOKUP(A117,[2]MOTIF!$B:$F,5,0) -> #N/A
A118: DTLI71154555 | B118: 0529777062 | C118: RTC DTL | D118: VA | E118: NA | F118: TRSA | G118: TT Saturé Mha11 | H118: 27.636331 | I118: WNA_ | J118: 212629174402 | K118: M'HAMID ,Lotissement Nahda ,Numéro 1097 | L118: =VLOOKUP(A118,[2]MOTIF!$B:$F,5,0) -> #N/A
A119: DTLI71155350 | B119: 0529776934 | C119: RTC DTL | D119: VA | E119: NA | H119: 27.414641 | I119: WNA_ | J119: 0616038664 | K119: OPERATION AL ITTIFAQ ,Immeuble A3 ,Numéro 12 | L119: =VLOOKUP(A119,#REF!,1,0) -> #REF!
A120: DTLIO00E2D7C | B120: 0525327299 | C120: RTC DTL | D120: VA | E120: NA | H120: 26.905567 | I120: MARMT_ | J120: 0661638806 | K120: M'HAMID ,Lotissement Al Amane ,Numéro 341 Bat 15 | L120: =VLOOKUP(A120,#REF!,1,0) -> #REF!
A121: DTLI71155943 | B121: 529778582 | C121: RTC DTL | D121: VA | E121: NA | F121: TRSA | G121: DTLI71155943 | H121: 26.845833 | I121: WNA_ | J121: 212600957318 | K121: M'HAMID ,Lotissement M hamid 4 , | L121: =VLOOKUP(A121,[2]MOTIF!$B:$F,5,0) -> #N/A
A122: DTLI71156194 | B122: 0529778220 | C122: RTC DTL | D122: VA | E122: NA | H122: 26.812998 | I122: WNA_ | J122: 0611171699 | K122: M'HAMID , Ain Souna Imm A1 ,Numéro imm A7 Bat 12 | L122: =VLOOKUP(A122,#REF!,1,0) -> #REF!
A123: 99668028 | B123: 0524372507 | C123: RTC | D123: VA | E123: NA | F123: TRSA | G123: TT SaturÃ© Mha152 | H123: 26.663762 | I123: ABRAR VISION | J123: 0663088446 | K123: M'HAMID ,Les jardins d Abrar GH1-Imm8 ,Numéro 49
A124: 99668760 | B124: 0524208087 | C124: RTC | D124: VA | E124: NA | H124: 26.60963 | I124: TOUILIISMAIL | J124: 0621116098 | K124: M'HAMID ,Résidence Noha Imm 2 ,Numéro 1
A125: DTLIO00E31E9 | B125: 0525327632 | C125: RTC DTL | D125: VA | E125: NA | F125: TRSA | G125: TT Saturé Mha143 | H125: 26.576979 | I125: MARMT_ | J125: 0721144144 | K125: BOUAAKAZ , Lotissement Les Jardins Chrifia ,Numéro imm 92 Bat 9 | L125: =VLOOKUP(A125,[2]MOTIF!$B:$F,5,0) -> #N/A
A126: DTLI71156919 | B126: 0529778859 | C126: RTC DTL | D126: VA | E126: NA | H126: 26.56213 | I126: WNA_ | J126: 212637388644 | K126: M'HAMID ,Ain Souna Imm C4 ,Numéro 3 | L126: =VLOOKUP(A126,#REF!,1,0) -> #REF!
A127: DTLI71157297 | B127: 0529779554 | C127: RTC DTL | D127: VA | E127: NA | H127: 26.420058 | I127: WNA_ | J127: 212654622701 | K127: M'HAMID , Opération Diour Atlas Imm T ,Numéro 4 | L127: =VLOOKUP(A127,#REF!,1,0) -> #REF!
A128: DTLIO00E340B | B128: 0525502174 | C128: RTC DTL | D128: VA | E128: NA | F128: TRSA | G128: TT Saturé Mha157 | H128: 25.809248 | I128: MARMT_ | J128: 0662152598 | K128: M'HAMID ,Lotissement Houman El Fetouaki ,Numéro 336 Bat 15 | L128: =VLOOKUP(A128,[2]MOTIF!$B:$F,5,0) -> #N/A
A129: DTLI71160057 | B129: 0529779741 | C129: RTC DTL | D129: VA | E129: NA | H129: 25.769444 | I129: WNA_ | J129: 212661864289 | K129: OPERATION GHARNATA ,Immeuble G ,Numéro 9 | L129: =VLOOKUP(A129,#REF!,1,0) -> #REF!
A130: DTLI71160239 | B130: 0529775332 | C130: RTC DTL | D130: VA | E130: NA | H130: 25.715822 | I130: WNA_ | J130: 0671816189 | K130: BOUAAKAZ ,Lotissement Zerktouni ,Porte 1085 | L130: =VLOOKUP(A130,#REF!,1,0) -> #REF!
A131: DTLI02223928 | B131: 0529596059 | C131: RTC DTL | D131: VA | E131: NA | H131: 25.624699 | I131: WNA_ | J131: 212674294294 | K131: M'HAMID , Opération les Jardins d'Anas Imm R ,Numéro 9 | L131: =VLOOKUP(A131,#REF!,1,0) -> #REF!
A132: DTLI71160547 | B132: 0529779827 | C132: RTC DTL | D132: VA | E132: NA | H132: 25.590625 | I132: WNA_ | J132: 212678868644 | K132: M'HAMID , Opération El Bahja ,Numéro 2 Porte SAID | L132: =VLOOKUP(A132,#REF!,1,0) -> #REF!
A133: DTLIO00E366D | B133: 0525328000 | C133: RTC DTL | D133: VA | E133: NA | H133: 24.756204 | I133: MARMT_ | J133: 0526254897 | K133: GUELIZ ,Voie Inconnue ,Numéro SN Bat 15 | L133: =VLOOKUP(A133,[2]MOTIF!$B:$F,5,0) -> #N/A
A134: 99672070 | B134: 0524371638 | C134: RTC | D134: VA | E134: TL | F134: TRSA | G134: TR saturÃ© mha:143 | H134: 23.929525 | I134: CHAWKIHICHAM | J134: 000000000 | K134: BOUAAKAZ ,Opération Jardins Chrifia Imm 152 ,Numéro 8
...

Sheet SITUATION20
A1: N° Com. | B1: ND | C1: S. Produit | D1: Etat | E1: Op | F1: Motif | G1: com. Motif | H1: Délai(j) | I1: Intitulé client | J1: Contact client | K1: Adresse | L1: A
A2: DTLI70641411 | B2: 0529418093 | C2: RTC DTL | D2: VA | E2: NA | H2: 212.51612 | I2: WNA_ | J2: 0641373034 | K2: M'HAMID ,Lotissement Al Housna ,Porte 372 | L2: =VLOOKUP(A2,#REF!,1,0) -> #REF!
A3: DTLI70727850 | B3: 0529609744 | C3: RTC DTL | D3: VA | E3: NA | F3: CRI | H3: 187.39609 | I3: WNA_ | J3: 0671369895 | K3: BOUAAKAZ , Opération Bahia Sakane Imm 64 ,Numéro 19 | L3: =VLOOKUP(A3,#REF!,1,0) -> #REF!
A4: DTLI70734641 | B4: 0529647012 | C4: RTC DTL | D4: VA | E4: NA | H4: 184.45057 | I4: WNA_ | J4: 0708917890 | K4: M'HAMID , Les jardins d Abrar GH3-Imm28 ,Numéro 29 | L4: =VLOOKUP(A4,#REF!,1,0) -> #REF!
A5: DTLIO00BBED7 | B5: 0520960948 | C5: RTC DTL | D5: VA | E5: NA | H5: 178.85889 | I5: MARMT_ | J5: 0641080135 | K5: M'HAMID , Lotissement Berradi II ,Numéro 493 | L5: =VLOOKUP(A5,#REF!,1,0) -> #REF!
A6: DTLI70808185 | B6: 0529580630 | C6: RTC DTL | D6: VA | E6: NA | H6: 159.71237 | I6: WNA_ | J6: 0626972101 | K6: M'HAMID , Bloc 19 ,Numéro 725 | L6: =VLOOKUP(A6,#REF!,1,0) -> #REF!
A7: DTLI70815011 | B7: 0529591519 | C7: RTC DTL | D7: VA | E7: NA | H7: 157.55373 | I7: WNA_ | J7: 0624096534 | K7: M'HAMID , Op Abwab Al Atlas Imm B3 ,Numéro 40 | L7: =VLOOKUP(A7,#REF!,1,0) -> #REF!
A8: DTLI70822536 | B8: 0529410591 | C8: RTC DTL | D8: VA | E8: NA | H8: 154.76853 | I8: WNA_ | J8: 0696365109 | K8: BOUAAKAZ ,Bloc 12 ,Numéro 583 | L8: =VLOOKUP(A8,#REF!,1,0) -> #REF!
A9: DTLI70823120 | B9: 0529429466 | C9: RTC DTL | D9: VA | E9: NA | H9: 154.65149 | I9: WNA_ | J9: 212661744871 | K9: BOUAAKAZ , Opération Bahia Sakane Imm 73 ,Numéro 1065 | L9: =VLOOKUP(A9,#REF!,1,0) -> #REF!
A10: DTLI70831392 | B10: 0529432499 | C10: RTC DTL | D10: VA | E10: NA | H10: 152.51579 | I10: WNA_ | J10: 0694778288 | K10: Province M'HAMID ,Opération les Jardins d'Anas Imm E1 ,Numéro 18 | L10: =VLOOKUP(A10,#REF!,1,0) -> #REF!
A11: DTLI70834878 | B11: 0529440893 | C11: RTC DTL | D11: VA | E11: NA | H11: 150.41546 | I11: WNA_ | J11: 212661940825 | K11: M'HAMID , Opération Diour Atlas Imm V ,Numéro 11 Bat imm w | L11: =VLOOKUP(A11,#REF!,1,0) -> #REF!
A12: DTLI70848819 | B12: 0529445356 | C12: RTC DTL | D12: VA | E12: NA | H12: 146.52986 | I12: WNA_ | J12: 0669334904 | K12: M'HAMID , Les jardins d Abrar GH5-Imm47 ,Numéro 5 | L12: =VLOOKUP(A12,#REF!,1,0) -> #REF!
A13: DTLI70855365 | B13: 0529447317 | C13: RTC DTL | D13: VA | E13: NA | H13: 143.78278 | I13: WNA_ | J13: 212670423087 | K13: M'HAMID ,Lotissement Saada 2 ,Numéro 863 | L13: =VLOOKUP(A13,#REF!,1,0) -> #REF!
A14: DTLIO00C5AD5 | B14: 0525294318 | C14: RTC DTL | D14: VA | E14: NA | H14: 143.53851 | I14: MARMT_ | J14: 0684466786 | K14: M'HAMID , Opération Diour Atlas Imm J ,Numéro 12 Bat IMM V | L14: =VLOOKUP(A14,#REF!,1,0) -> #REF!
A15: DTLIO00C5738 | B15: 0525294069 | C15: RTC DTL | D15: VA | E15: NA | H15: 142.89846 | I15: MARMT_ | J15: 0634669071 | K15: M'HAMID ,Opération Al Bassatine Bloc A ,Numéro 1 Bat 15 | L15: =VLOOKUP(A15,#REF!,1,0) -> #REF!
... A42: DTLI70994638 | B42: 0529712093 | C42: RTC DTL | D42: VA | E42: NA | H42: 94.708831 | I42: WNA_ | J42: 0648684341 | K42: M'HAMID ,Bloc 26 ,Numéro 1191 | L42: =VLOOKUP(A42,#REF!,1,0) -> #REF!
A43: 99407301 | B43: 0524379905 | C43: RTC | D43: VA | E43: NA | F43: EBST | H43: 93.866991 | I43: AOUTARABDELALI | J43: 0661746605 | K43: M'HAMID ,Bassatine Mrkch GH4-Imm 20U Mhamid9 ,Numéro 5 Etage 3
A44: DTLI70996673 | B44: 0529712877 | C44: RTC DTL | D44: VA | E44: NA | H44: 93.779664 | I44: WNA_ | J44: 212635710367 | K44: M'HAMID , Opération Salama GHI-Imm3 ,Numéro 3 Bat BLOC H IMM 03 | L44: =VLOOKUP(A44,#REF!,1,0) -> #REF!
A45: DTLI70997241 | B45: 0529713551 | C45: RTC DTL | D45: VA | E45: NA | H45: 93.709688 | I45: WNA_ | J45: 0657162022 | K45: M'HAMID ,Lotissement Al Housna ,Numéro 464 | L45: =VLOOKUP(A45,#REF!,1,0) -> #REF!
A46: DTLI70998954 | B46: 0529714279 | C46: RTC DTL | D46: VA | E46: NA | H46: 92.792627 | I46: WNA_ | J46: 212660971142 | K46: M'HAMID ,Lotissement Saada 1 ,Numéro 445 | L46: =VLOOKUP(A46,#REF!,1,0) -> #REF!
A47: DTLI71003402 | B47: 0529715890 | C47: RTC DTL | D47: VA | E47: NA | H47: 91.350139 | I47: WNA_ | J47: 0601409696 | K47: M'HAMID , Lotissement M hamid 2 ,Numéro 1564 | L47: =VLOOKUP(A47,#REF!,1,0) -> #REF!
A48: DTLI71014644 | B48: 0529719258 | C48: RTC DTL | D48: VA | E48: NA | H48: 86.38662 | I48: WNA_ | J48: 0663298214 | K48: BOUAAKAZ , Voie Inconnue ,Numéro RES KORTOBA IMM F N 8 | L48: =VLOOKUP(A48,#REF!,1,0) -> #REF!
A49: DTLI71030474 | B49: 0529724741 | C49: RTC DTL | D49: VA | E49: NA | H49: 77.822002 | I49: WNA_ | J49: 212632774634 | K49: M'HAMID , Lotissement M'hamid 9 ,Numéro 509 | L49: =VLOOKUP(A49,#REF!,1,0) -> #REF!
A50: DTLI71034419 | B50: 0529726562 | C50: RTC DTL | D50: VA | E50: NA | H50: 76.545208 | I50: WNA_ | J50: 0616242750 | K50: M'HAMID , Opération Abwab Al Atlas Imm B6 ,Numéro 11 Bat IMM B9 | L50: =VLOOKUP(A50,#REF!,1,0) -> #REF!
A51: DTLI71036742 | B51: 0529728168 | C51: RTC DTL | D51: VA | E51: NA | H51: 75.397569 | I51: WNA_ | J51: 0626372353 | K51: M'HAMID ,Lotissement M hamid 4 ,Numéro 499 | L51: =VLOOKUP(A51,#REF!,1,0) -> #REF!
A52: DTLI02206624 | B52: 0529715759 | C52: RTC DTL | D52: VA | E52: NA | H52: 72.624641 | I52: WNA_ | J52: 212667237667 | K52: M'HAMID , Lotissement M hamid 2 ,Numéro 24 | L52: =VLOOKUP(A52,#REF!,1,0) -> #REF!
A53: 99482279 | B53: 0524361444 | C53: RTC | D53: VA | E53: TR | H53: 70.924294 | I53: EDDACHRAOUIFATIMA | J53: 000000000 | K53: M'HAMID ,Op-Jardins des Orangier Imm D2 ,Etage 1 Porte 8
A54: DTLI71045690 | B54: 0529717351 | C54: RTC DTL | D54: VA | E54: NA | H54: 70.863831 | I54: WNA_ | J54: 0701201631 | K54: M'HAMID ,Lotissement Adrar I ,Numéro 60 | L54: =VLOOKUP(A54,#REF!,1,0) -> #REF!
A55: DTLI02206981 | B55: 0529737462 | C55: RTC DTL | D55: VA | E55: NA | H55: 66.518102 | I55: WNA_ | J55: 212630870058 | K55: M'HAMID ,Lotissement Saada 1 ,Numéro 368 | L55: =VLOOKUP(A55,#REF!,1,0) -> #REF!
A56: DTLI71057362 | B56: 0529720428 | C56: RTC DTL | D56: VA | E56: NA | F56: TRSA | G56: TR saturé Mha:142 | H56: 66.462523 | I56: WNA_ | J56: 212663804910 | K56: BOUAAKAZ , Opération Bahia Sakane Imm 69 ,Numéro 3220 | L56: =VLOOKUP(A56,#REF!,1,0) -> #REF!
A57: DTLI71065037 | B57: 0529740107 | C57: RTC DTL | D57: VA | E57: NA | H57: 64.55941 | I57: WNA_ | J57: 0662845144 | K57: OPERATION DOHA BORJ AZZAYTOUN , Immeuble GH01-004 ,Numéro imm 4 Bat 10 | L57: =VLOOKUP(A57,#REF!,1,0) -> #REF!
A58: DTLIO00DA619 | B58: 0525316158 | C58: RTC DTL | D58: VA | E58: NA | H58: 63.829988 | I58: MARMT_ | J58: 0615334752 | K58: M'HAMID ,Résidence Noha GH3 Imm 4 ,Numéro 45 Bat 15 | L58: =VLOOKUP(A58,#REF!,1,0) -> #REF!
A59: DTLI71068038 | B59: 0529590306 | C59: RTC DTL | D59: VA | E59: NA | H59: 63.81816 | I59: WNA_ | J59: 212661183621 | K59: M'HAMID , Opération les Jardins d'Anas ,Numéro imm o Bat 1 | L59: =VLOOKUP(A59,#REF!,1,0) -> #REF!
A60: DTLI71070897 | B60: 0529440699 | C60: RTC DTL | D60: VA | E60: NA | H60: 62.805278 | I60: WNA_ | J60: 0771555499 | K60: M'HAMID ,Lotissement M'hamid 9 ,Numéro 74 | L60: =VLOOKUP(A60,#REF!,1,0) -> #REF!
A61: DTLI71074202 | B61: 0529744104 | C61: RTC DTL | D61: VA | E61: NA | H61: 61.671181 | I61: WNA_ | J61: 0662778805 | K61: M'HAMID ,Lotissement M hamid 5 ,Numéro 1066 | L61: =VLOOKUP(A61,#REF!,1,0) -> #REF!
A62: DTLI71078058 | B62: 0529737599 | C62: RTC DTL | D62: VA | E62: NA | H62: 59.546238 | I62: WNA_ | J62: 212626288009 | K62: M'HAMID , Opération El Bahja ,Numéro 9 | L62: =VLOOKUP(A62,#REF!,1,0) -> #REF!
A63: DTLIO00DBB63 | B63: 0525317504 | C63: RTC DTL | D63: VA | E63: NA | H63: 58.624537 | I63: MARMT_ | J63: 0670417703 | K63: M'HAMID ,Lotissement Maatallah ,Numéro 2257 Bat 15 | L63: =VLOOKUP(A63,#REF!,1,0) -> #REF!
A64: DTLI71081239 | B64: 0529744272 | C64: RTC DTL | D64: VA | E64: NA | H64: 57.871655 | I64: WNA_ | J64: 212696175750 | K64: M'HAMID , Opération Borj Ali Imm A M'hamid 9 ,Numéro 5 | L64: =VLOOKUP(A64,#REF!,1,0) -> #REF!
A65: DTLI71082468 | B65: 0529451947 | C65: RTC DTL | D65: VA | E65: NA | H65: 57.625243 | I65: WNA_ | J65: 0666732403 | K65: M'HAMID ,Lotissement Maatallah ,Numéro 74 | L65: =VLOOKUP(A65,#REF!,1,0) -> #REF!
A66: DTLI71086760 | B66: 0529751247 | C66: RTC DTL | D66: VA | E66: NA | H66: 56.64037 | I66: WNA_ | J66: 0633211649 | K66: M'HAMID , Lotissement Berradi II ,Numéro 610 | L66: =VLOOKUP(A66,#REF!,1,0) -> #REF!
A67: DTLIO00DC6B5 | B67: 0525318295 | C67: RTC DTL | D67: VA | E67: NA | H67: 55.860451 | I67: MARMT_ | J67: 0767644178 | K67: BOUAAKAZ ,Lotissement Zerktouni ,Numéro 976 Bat 15 | L67: =VLOOKUP(A67,#REF!,1,0) -> #REF!
A68: DTLI71088197 | B68: 0529750638 | C68: RTC DTL | D68: VA | E68: NA | H68: 55.859873 | I68: WNA_ | J68: 212606166875 | K68: M'HAMID ,Lotissement M'hamid 9 ,Numéro 1124 | L68: =VLOOKUP(A68,#REF!,1,0) -> #REF!
... A75: DTLIO00DDF13 | B75: 0525320345 | C75: RTC DTL | D75: VA | E75: NA | H75: 48.844618 | I75: MARMT_ | J75: 0607032971 | K75: M'HAMID ,Lotissement Berradi II ,Numéro 191 Bat 15 | L75: =VLOOKUP(A75,#REF!,1,0) -> #REF!
A76: 99569569 | B76: 0524372628 | C76: RTC | D76: VA | E76: NA | F76: BZND | H76: 48.627755 | I76: ESSAHELOUAFA | J76: 0684912395 | K76: M'HAMID ,Opération El Bahja ,Numéro 10
A77: DTLIO00DE1CA | B77: 0525320651 | C77: RTC DTL | D77: VA | E77: NA | H77: 48.609086 | I77: MARMT_ | J77: 0644780058 | K77: M'HAMID , Lotissement Saada 2 ,Numéro 1717 | L77: =VLOOKUP(A77,#REF!,1,0) -> #REF!
A78: DTLIO00DE079 | B78: 0525320421 | C78: RTC DTL | D78: VA | E78: NA | H78: 47.926447 | I78: MARMT_ | J78: 0783882579 | K78: M'HAMID ,Lotissement M'hamid 9 ,Numéro 709 | L78: =VLOOKUP(A78,#REF!,1,0) -> #REF!
A79: DTLIO00DDE05 | B79: 0525320256 | C79: RTC DTL | D79: VA | E79: NA | H79: 47.925787 | I79: MARMT_ | J79: 0634669071 | K79: M'HAMID , Bassatine Mrkch GH11 ,Numéro imm 4 Bat 6 | L79: =VLOOKUP(A79,#REF!,1,0) -> #REF!
A80: DTLIO00DE3C6 | B80: 0525320877 | C80: RTC DTL | D80: VA | E80: NA | H80: 47.915995 | I80: MARMT_ | J80: 0698415124 | K80: M'HAMID , Opération Alittifaq ,Numéro IMM J Bat 12 | L80: =VLOOKUP(A80,#REF!,1,0) -> #REF!
A81: DTLI71107344 | B81: 0529759152 | C81: RTC DTL | D81: VA | E81: NA | H81: 46.597662 | I81: WNA_ | J81: 212602145234 | K81: BOUAAKAZ , Opération Miftah Atlass Imm 01 ,Numéro 2 | L81: =VLOOKUP(A81,#REF!,1,0) -> #REF!
A82: DTLIO00DE768 | B82: 0525321126 | C82: RTC DTL | D82: VA | E82: NA | H82: 45.904387 | I82: MARMT_ | J82: 0654894247 | K82: MARRAKECH MEDINA ,MARRAKECH MEDINA ,Quartier Inconnue ,Voie Inconnue ,Numéro 492 Bat 16 | L82: =VLOOKUP(A82,#REF!,1,0) -> #REF!
A83: DTLI71108239 | B83: 0529755943 | C83: RTC DTL | D83: VA | E83: NA | H83: 45.769259 | I83: WNA_ | J83: 212635552764 | K83: M'HAMID , Lotissement M hamid 7 ,Numéro 30 | L83: =VLOOKUP(A83,#REF!,1,0) -> #REF!
A84: DTLIO00DEAA0 | B84: 0525321362 | C84: RTC DTL | D84: VA | E84: NA | H84: 45.608542 | I84: MARMT_ | J84: 0710369110 | K84: M'HAMID ,Lotissement Saada 2 ,Numéro 854 Bat 15 | L84: =VLOOKUP(A84,#REF!,1,0) -> #REF!
A85: DTLIO00DEBDC | B85: 0525321374 | C85: RTC DTL | D85: VA | E85: NA | H85: 45.490972 | I85: MARMT_ | J85: 0680674060 | K85: M'HAMID ,Lotissement Maatallah ,Numéro 425 Bat 15 | L85: =VLOOKUP(A85,#REF!,1,0) -> #REF!
A86: DTLI71110381 | B86: 0529759244 | C86: RTC DTL | D86: VA | E86: NA | H86: 45.317512 | I86: WNA_ | J86: 0696987149 | K86: OPERATION DOHA BORJ AZZAYTOUN , Mag Opération Doha Borj Azzaytoun ,Numéro 294 | L86: =VLOOKUP(A86,#REF!,1,0) -> #REF!
A87: DTLI71111929 | B87: 0529761384 | C87: RTC DTL | D87: VA | E87: NA | H87: 44.667118 | I87: WNA_ | J87: 212603261426 | K87: M'HAMID ,Lotissement Al Housna ,Numéro 320 | L87: =VLOOKUP(A87,#REF!,1,0) -> #REF!
A88: DTLI71112073 | B88: 0529759581 | C88: RTC DTL | D88: VA | E88: NA | H88: 44.639201 | I88: WNA_ | J88: 212622632210 | K88: M'HAMID ,Lotissement Al Housna ,Numéro 146 | L88: =VLOOKUP(A88,#REF!,1,0) -> #REF!
... A95: DTLIO00DF940 | B95: 0525322526 | C95: RTC DTL | D95: VA | E95: NA | H95: 42.535498 | I95: MARMT_ | J95: 0603822020 | K95: M'HAMID ,Lotissement Nahda ,Numéro 518 | L95: =VLOOKUP(A95,#REF!,1,0) -> #REF!
A96: DTLI71121698 | B96: 0529765307 | C96: RTC DTL | D96: VA | E96: NA | F96: CSEC | G96: msn doha 3 sature | H96: 40.590382 | I96: WNA_ | J96: 212658211025 | K96: OPERATION DOHA ,Voie Inconnue , | L96: =VLOOKUP(A96,[2]MOTIF!$B:$F,5,0) -> #N/A
A97: DTLI71122646 | B97: 0529765255 | C97: RTC DTL | D97: VA | E97: NA | H97: 39.527488 | I97: WNA_ | J97: 212719524243 | K97: M'HAMID ,Lotissement M hamid 7 ,Numéro 506 | L97: =VLOOKUP(A97,#REF!,1,0) -> #REF!
A98: DTLI71123851 | B98: 0529766065 | C98: RTC DTL | D98: VA | E98: NA | H98: 38.673009 | I98: WNA_ | J98: 0604305132 | K98: BOUAAKAZ ,Lotissement Zerktouni ,Numéro 631 | L98: =VLOOKUP(A98,#REF!,1,0) -> #REF!
A99: 99616515 | B99: 0524206911 | C99: RTC | D99: VA | E99: RM | H99: 38.654491 | I99: ABOURIALKHADIJA | J99: 0630648780 | K99: M'HAMID ,Les jardins d Abrar GH6-Imm53 ,Numéro 12
A100: DTLI71124249 | B100: 0529766611 | C100: RTC DTL | D100: VA | E100: NA | H100: 38.598206 | I100: WNA_ | J100: 212666452864 | K100: M'HAMID , Opération El Bahja Imm 16 ,Numéro 16 | L100: =VLOOKUP(A100,#REF!,1,0) -> #REF!
A101: DTLIO00E0425 | B101: 0525323624 | C101: RTC DTL | D101: VA | E101: NA | H101: 37.558056 | I101: MARMT_ | J101: 0620309026 | K101: M'HAMID , Opération Eddarraz Imm 94 ,Numéro 6 Bat IMM 95 | L101: =VLOOKUP(A101,#REF!,1,0) -> #REF!
A102: DTLIO00DE707 | B102: 0525321080 | C102: RTC DTL | D102: VA | E102: NA | F102: TRSA | G102: TT Satué Mha11 | H102: 35.748877 | I102: MARMT_ | J102: 0640447116 | K102: SIDI YOUSSEF BEN ALI ,HARBIL ,TAMANSOURTE ,Riad Atlas ,Numéro Bat 17 | L102: =VLOOKUP(A102,[2]MOTIF!$B:$F,5,0) -> #N/A
A103: DTLI71138243 | B103: 0529770402 | C103: RTC DTL | D103: VA | E103: NA | H103: 34.664039 | I103: WNA_ | J103: 212609184042 | K103: M'HAMID ,Lotissement M hamid 4 ,Numéro 287 | L103: =VLOOKUP(A103,#REF!,1,0) -> #REF!
A104: DTLI71138250 | B104: 0529770480 | C104: RTC DTL | D104: VA | E104: NA | H104: 34.662801 | I104: WNA_ | J104: 212676725369 | K104: BOUAAKAZ ,Bloc 16 ,Numéro 912 | L104: =VLOOKUP(A104,#REF!,1,0) -> #REF!
A105: DTLIO00E1AA5 | B105: 0525325690 | C105: RTC DTL | D105: VA | E105: NA | H105: 33.725069 | I105: MARMT_ | J105: 0606555555 | K105: M'HAMID ,Résidence Izdihar 2 Imm 8 Mhamid 9 ,Numéro 14 Bat 15 | L105: =VLOOKUP(A105,#REF!,1,0) -> #REF!
A106: DTLI71140118 | B106: 0529771561 | C106: RTC DTL | D106: VA | E106: NA | H106: 33.721111 | I106: WNA_ | J106: 212604959583 | K106: M'HAMID , Opération les Jardins d'Anas Imm I ,Numéro 8 | L106: =VLOOKUP(A106,#REF!,1,0) -> #REF!
A107: DTLI71140259 | B107: 0529771793 | C107: RTC DTL | D107: VA | E107: NA | H107: 33.653877 | I107: WNA_ | J107: 212671607081 | K107: M'HAMID , Opération Badr 2 Imm 1 ,Numéro 8 | L107: =VLOOKUP(A107,#REF!,1,0) -> #REF!
A108: DTLIO00E1D56 | B108: 0525325888 | C108: RTC DTL | D108: VA | E108: NA | H108: 31.825451 | I108: MARMT_ | J108: 0615059965 | K108: BOUAAKAZ , Opération Hadaiq Chrifia ,Numéro imm 120 Bat 7 | L108: =VLOOKUP(A108,#REF!,1,0) -> #REF!
A109: DTLI71143707 | B109: 0529758031 | C109: RTC DTL | D109: VA | E109: NA | H109: 31.749444 | I109: WNA_ | J109: 212660680385 | K109: BOUAAKAZ ,Bloc 16 ,Numéro 947 | L109: =VLOOKUP(A109,#REF!,1,0) -> #REF!
A110: DTLI71146791 | B110: 0529770662 | C110: RTC DTL | D110: VA | E110: NA | H110: 30.864722 | I110: WNA_ | J110: 212630359681 | K110: M'HAMID , Lotissement M hamid 7 ,Numéro 32 | L110: =VLOOKUP(A110,#REF!,1,0) -> #REF!
A111: DTLIO00E227D | B111: 0525326377 | C111: RTC DTL | D111: VA | E111: NA | H111: 30.810243 | I111: MARMT_ | J111: 0671881457 | K111: OPERATION DOHA BORJ AZZAYTOUN , Immeuble GH11-AO73 ,Numéro imm 73 Bat 11 | L111: =VLOOKUP(A111,#REF!,1,0) -> #REF!
A112: DTLI02223466 | B112: 529592534 | C112: RTC DTL | D112: VA | E112: NA | F112: TB | G112: hamid | H112: 30.564583 | I112: WNA_ | J112: 0666856212 | K112: M'HAMID , Dispenssaire M hamid ,Numéro 1 Porte SAID | L112: =VLOOKUP(A112,[2]MOTIF!$B:$F,5,0) -> #N/A
A113: DTLIO00E2456 | B113: 0525326527 | C113: RTC DTL | D113: VA | E113: NA | H113: 30.517789 | I113: MARMT_ | J113: 0663560555 | K113: M'HAMID , Jawharat M'haimid GH1 Imm 2 ,Numéro imm 1 Bat 21 | L113: =VLOOKUP(A113,[2]MOTIF!$B:$F,5,0) -> #N/A
A114: DTLIO00E283B | B114: 0525326864 | C114: RTC DTL | D114: VA | E114: NA | H114: 29.680937 | I114: MARMT_ | J114: 0631623910 | K114: M'HAMID ,Lotissement M'hamid 9 ,Numéro 725 | L114: =VLOOKUP(A114,#REF!,1,0) -> #REF!
A115: DTLIO00E2C96 | B115: 0525327231 | C115: RTC DTL | D115: VA | E115: NA | F115: TRSA | G115: TT Saturé Mha157 | H115: 28.682222 | I115: MARMT_ | J115: 0654207778 | K115: Province M'HAMID ,Lotissement Houman El Fetouaki ,Numéro 322 | L115: =VLOOKUP(A115,[2]MOTIF!$B:$F,5,0) -> #N/A
A116: DTLI71154555 | B116: 0529777062 | C116: RTC DTL | D116: VA | E116: NA | F116: TRSA | G116: TT Saturé Mha11 | H116: 28.635058 | I116: WNA_ | J116: 212629174402 | K116: M'HAMID ,Lotissement Nahda ,Numéro 1097 | L116: =VLOOKUP(A116,[2]MOTIF!$B:$F,5,0) -> #N/A
A117: DTLI71155350 | B117: 0529776934 | C117: RTC DTL | D117: VA | E117: NA | H117: 28.413368 | I117: WNA_ | J117: 0616038664 | K117: OPERATION AL ITTIFAQ ,Immeuble A3 ,Numéro 12 | L117: =VLOOKUP(A117,#REF!,1,0) -> #REF!
A118: DTLIO00E2D7C | B118: 0525327299 | C118: RTC DTL | D118: VA | E118: NA | H118: 27.904294 | I118: MARMT_ | J118: 0661638806 | K118: M'HAMID ,Lotissement Al Amane ,Numéro 341 Bat 15 | L118: =VLOOKUP(A118,#REF!,1,0) -> #REF!
A119: DTLI71156194 | B119: 0529778220 | C119: RTC DTL | D119: VA | E119: NA | H119: 27.811725 | I119: WNA_ | J119: 0611171699 | K119: M'HAMID , Ain Souna Imm A1 ,Numéro imm A7 Bat 12 | L119: =VLOOKUP(A119,#REF!,1,0) -> #REF!
A120: 99668028 | B120: 0524372507 | C120: RTC | D120: VA | E120: NA | F120: TRSA | G120: TT SaturÃ© Mha152 | H120: 27.662488 | I120: ABRAR VISION | J120: 0663088446 | K120: M'HAMID ,Les jardins d Abrar GH1-Imm8 ,Numéro 49
A121: 99668760 | B121: 0524208087 | C121: RTC | D121: VA | E121: NA | H121: 27.608356 | I121: TOUILIISMAIL | J121: 0621116098 | K121: M'HAMID ,Résidence Noha Imm 2 ,Numéro 1
A122: DTLIO00E31E9 | B122: 0525327632 | C122: RTC DTL | D122: VA | E122: NA | F122: TRSA | G122: TT Saturé Mha143 | H122: 27.575706 | I122: MARMT_ | J122: 0721144144 | K122: BOUAAKAZ , Lotissement Les Jardins Chrifia ,Numéro imm 92 Bat 9 | L122: =VLOOKUP(A122,[2]MOTIF!$B:$F,5,0) -> #N/A
A123: DTLI71156919 | B123: 0529778859 | C123: RTC DTL | D123: VA | E123: NA | H123: 27.560856 | I123: WNA_ | J123: 212637388644 | K123: M'HAMID ,Ain Souna Imm C4 ,Numéro 3 | L123: =VLOOKUP(A123,#REF!,1,0) -> #REF!
A124: DTLIO00E340B | B124: 0525502174 | C124: RTC DTL | D124: VA | E124: NA | F124: TRSA | G124: TT Saturé Mha157 | H124: 26.807975 | I124: MARMT_ | J124: 0662152598 | K124: M'HAMID ,Lotissement Houman El Fetouaki ,Numéro 336 Bat 15 | L124: =VLOOKUP(A124,[2]MOTIF!$B:$F,5,0) -> #N/A
A125: DTLI71160057 | B125: 0529779741 | C125: RTC DTL | D125: VA | E125: NA | H125: 26.768171 | I125: WNA_ | J125: 212661864289 | K125: OPERATION GHARNATA ,Immeuble G ,Numéro 9 | L125: =VLOOKUP(A125,#REF!,1,0) -> #REF!
A126: DTLI71160239 | B126: 0529775332 | C126: RTC DTL | D126: VA | E126: NA | H126: 26.714549 | I126: WNA_ | J126: 0671816189 | K126: BOUAAKAZ ,Lotissement Zerktouni ,Porte 1085 | L126: =VLOOKUP(A126,#REF!,1,0) -> #REF!
A127: DTLI02223928 | B127: 0529596059 | C127: RTC DTL | D127: VA | E127: NA | H127: 26.623426 | I127: WNA_ | J127: 212674294294 | K127: M'HAMID , Opération les Jardins d'Anas Imm R ,Numéro 9 | L127: =VLOOKUP(A127,#REF!,1,0) -> #REF!
A128: DTLI71160547 | B128: 0529779827 | C128: RTC DTL | D128: VA | E128: NA | H128: 26.589352 | I128: WNA_ | J128: 212678868644 | K128: M'HAMID , Opération El Bahja ,Numéro 2 Porte SAID | L128: =VLOOKUP(A128,#REF!,1,0) -> #REF!
A129: DTLIO00E366D | B129: 0525328000 | C129: RTC DTL | D129: VA | E129: NA | H129: 25.754931 | I129: MARMT_ | J129: 0526254897 | K129: GUELIZ ,Voie Inconnue ,Numéro SN Bat 15 | L129: =VLOOKUP(A129,[2]MOTIF!$B:$F,5,0) -> #N/A
A130: 99672070 | B130: 0524371638 | C130: RTC | D130: VA | E130: TL | F130: TRSA | G130: TR saturÃ© mha:143 | H130: 24.928252 | I130: CHAWKIHICHAM | J130: 000000000 | K130: BOUAAKAZ ,Opération Jardins Chrifia Imm 152 ,Numéro 8
A131: DTLI71162707 | B131: 0529780312 | C131: RTC DTL | D131: VA | E131: NA | F131: TRSA | G131: DTLI71162707 | H131: 24.642477 | I131: WNA_ | J131: 212630440770 | K131: Province M'HAMID ,Lotissement Houman El Fetouaki ,Numéro 341 | L131: =VLOOKUP(A131,[2]MOTIF!$B:$F,5,0) -> #N/A
A132: DTLI71162707 | B132: 0529780312 | C132: RTC DTL | D132: VA | E132: NA | F132: TRSA | G132: TT Saturé Mha157 | H132: 24.642477 | I132: WNA_ | J132: 212630440770 | K132: Province M'HAMID ,Lotissement Houman El Fetouaki ,Numéro 341 | L132: =VLOOKUP(A132,[2]MOTIF!$B:$F,5,0) -> #N/A
A133: DTLI71162716 | B133: 0529481931 | C133: RTC DTL | D133: VA | E133: NA | F133: TRSA | G133: TT Saturé Mha157 | H133: 24.641331 | I133: WNA_ | J133: 0771975474 | K133: M'HAMID ,Lotissement Houman El Fetouaki ,Numéro 12 Porte 22 | L133: =VLOOKUP(A133,[2]MOTIF!$B:$F,5,0) -> #N/A
A134: DTLI71162752 | B134: 0529780580 | C134: RTC DTL | D134: VA | E134: NA | H134: 24.635116 | I134: WNA_ | J134: 212673781888 | K134: M'HAMID , Lotissement M hamid 7 ,Numéro 64 | L134: =VLOOKUP(A134,#REF!,1,0) -> #REF!
A135: DFOIM00MB58VEVN | B135: 0525328223 | C135: GPON DFO | D135: VA | E135: NA | F135: POT | G135: ISOTECH le 17/06/2025 11:34 -Nécessite 6 Poteaux | H135: 24.624421 | I135: MARMT_ | J135: 0647596254 | K135: M'HAMID ,Ain Souna Imm A3 ,Numéro -2
A136: DTLI71162816 | B136: 0529781059 | C136: RTC DTL | D136: VA | E136: NA | H136: 24.620058 | I136: WNA_ | J136: 0716029669 | K136: M'HAMID , Ain Souna Imm A1 ,Numéro imm 2 Bat 12 | L136: =VLOOKUP(A136,#REF!,1,0) -> #REF!
A137: DTLI71162899 | B137: 0529780693 | C137: RTC DTL | D137: VA | E137: NA | H137: 24.602731 | I137: WNA_ | J137: 212666466504 | K137: Province M'HAMID ,Lotissement M'hamid 9 ,Numéro 756 | L137: =VLOOKUP(A137,#REF!,1,0) -> #REF!
A138: DTLIO00E3AAB | B138: 0525327934 | C138: RTC DTL | D138: VA | E138: NA | F138: TRSA | G138: TT Saturé Mha144 | H138: 24.574711 | I138: MARMT_ | J138: 0766607853 | K138: BOUAAKAZ , Opération Hadaiq Chrifia ,Numéro imm 114 Bat 6 | L138: =VLOOKUP(A138,[2]MOTIF!$B:$F,5,0) -> #N/A
...

Sheet SITUATION21
A1: N° Com. | B1: ND | C1: S. Produit | D1: Etat | E1: Op | F1: Motif | G1: com. motif | H1: Délai(j) | I1: Intitulé client | J1: Contact client | K1: Adresse | L1: A
A2: DTLI70641411 | B2: 0529418093 | C2: RTC DTL | D2: VA | E2: NA | H2: 213.51617 | I2: WNA_ | J2: 0641373034 | K2: M'HAMID ,Lotissement Al Housna ,Porte 372 | L2: =VLOOKUP(A2,#REF!,1,0) -> #REF!
A3: DTLI70727850 | B3: 0529609744 | C3: RTC DTL | D3: VA | E3: NA | F3: CRI | H3: 188.39613 | I3: WNA_ | J3: 0671369895 | K3: BOUAAKAZ , Opération Bahia Sakane Imm 64 ,Numéro 19 | L3: =VLOOKUP(A3,#REF!,1,0) -> #REF!
A4: DTLI70734641 | B4: 0529647012 | C4: RTC DTL | D4: VA | E4: NA | H4: 185.45061 | I4: WNA_ | J4: 0708917890 | K4: M'HAMID , Les jardins d Abrar GH3-Imm28 ,Numéro 29 | L4: =VLOOKUP(A4,#REF!,1,0) -> #REF!
A5: DTLIO00BBED7 | B5: 0520960948 | C5: RTC DTL | D5: VA | E5: NA | H5: 179.85894 | I5: MARMT_ | J5: 0641080135 | K5: M'HAMID , Lotissement Berradi II ,Numéro 493 | L5: =VLOOKUP(A5,#REF!,1,0) -> #REF!
A6: DTLI70808185 | B6: 0529580630 | C6: RTC DTL | D6: VA | E6: NA | H6: 160.71242 | I6: WNA_ | J6: 0626972101 | K6: M'HAMID , Bloc 19 ,Numéro 725 | L6: =VLOOKUP(A6,#REF!,1,0) -> #REF!
A7: DTLI70815011 | B7: 0529591519 | C7: RTC DTL | D7: VA | E7: NA | H7: 158.55377 | I7: WNA_ | J7: 0624096534 | K7: M'HAMID , Op Abwab Al Atlas Imm B3 ,Numéro 40 | L7: =VLOOKUP(A7,#REF!,1,0) -> #REF!
A8: DTLI70822536 | B8: 0529410591 | C8: RTC DTL | D8: VA | E8: NA | H8: 155.76858 | I8: WNA_ | J8: 0696365109 | K8: BOUAAKAZ ,Bloc 12 ,Numéro 583 | L8: =VLOOKUP(A8,#REF!,1,0) -> #REF!
A9: DTLI70823120 | B9: 0529429466 | C9: RTC DTL | D9: VA | E9: NA | H9: 155.65154 | I9: WNA_ | J9: 212661744871 | K9: BOUAAKAZ , Opération Bahia Sakane Imm 73 ,Numéro 1065 | L9: =VLOOKUP(A9,#REF!,1,0) -> #REF!
A10: DTLI70831392 | B10: 0529432499 | C10: RTC DTL | D10: VA | E10: NA | H10: 153.51583 | I10: WNA_ | J10: 0694778288 | K10: Province M'HAMID ,Opération les Jardins d'Anas Imm E1 ,Numéro 18 | L10: =VLOOKUP(A10,#REF!,1,0) -> #REF!
A11: DTLI70834878 | B11: 0529440893 | C11: RTC DTL | D11: VA | E11: NA | H11: 151.41551 | I11: WNA_ | J11: 212661940825 | K11: M'HAMID , Opération Diour Atlas Imm V ,Numéro 11 Bat imm w | L11: =VLOOKUP(A11,#REF!,1,0) -> #REF!
A12: DTLI70848819 | B12: 0529445356 | C12: RTC DTL | D12: VA | E12: NA | H12: 147.52991 | I12: WNA_ | J12: 0669334904 | K12: M'HAMID , Les jardins d Abrar GH5-Imm47 ,Numéro 5 | L12: =VLOOKUP(A12,#REF!,1,0) -> #REF!
A13: DTLI70855365 | B13: 0529447317 | C13: RTC DTL | D13: VA | E13: NA | H13: 144.78282 | I13: WNA_ | J13: 212670423087 | K13: M'HAMID ,Lotissement Saada 2 ,Numéro 863 | L13: =VLOOKUP(A13,#REF!,1,0) -> #REF!
A14: DTLIO00C5AD5 | B14: 0525294318 | C14: RTC DTL | D14: VA | E14: NA | H14: 144.53855 | I14: MARMT_ | J14: 0684466786 | K14: M'HAMID , Opération Diour Atlas Imm J ,Numéro 12 Bat IMM V | L14: =VLOOKUP(A14,#REF!,1,0) -> #REF!
A15: DTLIO00C5738 | B15: 0525294069 | C15: RTC DTL | D15: VA | E15: NA | H15: 143.89851 | I15: MARMT_ | J15: 0634669071 | K15: M'HAMID ,Opération Al Bassatine Bloc A ,Numéro 1 Bat 15 | L15: =VLOOKUP(A15,#REF!,1,0) -> #REF!
... A42: DTLI70994638 | B42: 0529712093 | C42: RTC DTL | D42: VA | E42: NA | H42: 95.708877 | I42: WNA_ | J42: 0648684341 | K42: M'HAMID ,Bloc 26 ,Numéro 1191 | L42: =VLOOKUP(A42,#REF!,1,0) -> #REF!
A43: 99407301 | B43: 0524379905 | C43: RTC | D43: VA | E43: NA | F43: EBST | H43: 94.867037 | I43: AOUTARABDELALI | J43: 0661746605 | K43: M'HAMID ,Bassatine Mrkch GH4-Imm 20U Mhamid9 ,Numéro 5 Etage 3
A44: DTLI70996673 | B44: 0529712877 | C44: RTC DTL | D44: VA | E44: NA | H44: 94.779711 | I44: WNA_ | J44: 212635710367 | K44: M'HAMID , Opération Salama GHI-Imm3 ,Numéro 3 Bat BLOC H IMM 03 | L44: =VLOOKUP(A44,#REF!,1,0) -> #REF!
A45: DTLI70997241 | B45: 0529713551 | C45: RTC DTL | D45: VA | E45: NA | H45: 94.709734 | I45: WNA_ | J45: 0657162022 | K45: M'HAMID ,Lotissement Al Housna ,Numéro 464 | L45: =VLOOKUP(A45,#REF!,1,0) -> #REF!
A46: DTLI70998954 | B46: 0529714279 | C46: RTC DTL | D46: VA | E46: NA | H46: 93.792674 | I46: WNA_ | J46: 212660971142 | K46: M'HAMID ,Lotissement Saada 1 ,Numéro 445 | L46: =VLOOKUP(A46,#REF!,1,0) -> #REF!
A47: DTLI71003402 | B47: 0529715890 | C47: RTC DTL | D47: VA | E47: NA | H47: 92.350185 | I47: WNA_ | J47: 0601409696 | K47: M'HAMID , Lotissement M hamid 2 ,Numéro 1564 | L47: =VLOOKUP(A47,#REF!,1,0) -> #REF!
A48: DTLI71014644 | B48: 0529719258 | C48: RTC DTL | D48: VA | E48: NA | H48: 87.386667 | I48: WNA_ | J48: 0663298214 | K48: BOUAAKAZ , Voie Inconnue ,Numéro RES KORTOBA IMM F N 8 | L48: =VLOOKUP(A48,#REF!,1,0) -> #REF!
A49: DTLI71030474 | B49: 0529724741 | C49: RTC DTL | D49: VA | E49: NA | H49: 78.822049 | I49: WNA_ | J49: 212632774634 | K49: M'HAMID , Lotissement M'hamid 9 ,Numéro 509 | L49: =VLOOKUP(A49,#REF!,1,0) -> #REF!
A50: DTLI71034419 | B50: 0529726562 | C50: RTC DTL | D50: VA | E50: NA | H50: 77.545255 | I50: WNA_ | J50: 0616242750 | K50: M'HAMID , Opération Abwab Al Atlas Imm B6 ,Numéro 11 Bat IMM B9 | L50: =VLOOKUP(A50,#REF!,1,0) -> #REF!
A51: DTLI71036742 | B51: 0529728168 | C51: RTC DTL | D51: VA | E51: NA | H51: 76.397616 | I51: WNA_ | J51: 0626372353 | K51: M'HAMID ,Lotissement M hamid 4 ,Numéro 499 | L51: =VLOOKUP(A51,#REF!,1,0) -> #REF!
A52: DTLI02206624 | B52: 0529715759 | C52: RTC DTL | D52: VA | E52: NA | H52: 73.624687 | I52: WNA_ | J52: 212667237667 | K52: M'HAMID , Lotissement M hamid 2 ,Numéro 24 | L52: =VLOOKUP(A52,#REF!,1,0) -> #REF!
A53: 99482279 | B53: 0524361444 | C53: RTC | D53: VA | E53: TR | H53: 71.92434 | I53: EDDACHRAOUIFATIMA | J53: 000000000 | K53: M'HAMID ,Op-Jardins des Orangier Imm D2 ,Etage 1 Porte 8
A54: DTLI71045690 | B54: 0529717351 | C54: RTC DTL | D54: VA | E54: NA | H54: 71.863877 | I54: WNA_ | J54: 0701201631 | K54: M'HAMID ,Lotissement Adrar I ,Numéro 60 | L54: =VLOOKUP(A54,#REF!,1,0) -> #REF!
A55: DTLI02206981 | B55: 0529737462 | C55: RTC DTL | D55: VA | E55: NA | H55: 67.518148 | I55: WNA_ | J55: 212630870058 | K55: M'HAMID ,Lotissement Saada 1 ,Numéro 368 | L55: =VLOOKUP(A55,#REF!,1,0) -> #REF!
A56: DTLI71057362 | B56: 0529720428 | C56: RTC DTL | D56: VA | E56: NA | F56: TRSA | G56: TR saturé Mha:142 | H56: 67.462569 | I56: WNA_ | J56: 212663804910 | K56: BOUAAKAZ , Opération Bahia Sakane Imm 69 ,Numéro 3220 | L56: =VLOOKUP(A56,#REF!,1,0) -> #REF!
A57: DTLI71065037 | B57: 0529740107 | C57: RTC DTL | D57: VA | E57: NA | H57: 65.559456 | I57: WNA_ | J57: 0662845144 | K57: OPERATION DOHA BORJ AZZAYTOUN , Immeuble GH01-004 ,Numéro imm 4 Bat 10 | L57: =VLOOKUP(A57,#REF!,1,0) -> #REF!
A58: DTLIO00DA619 | B58: 0525316158 | C58: RTC DTL | D58: VA | E58: NA | H58: 64.830035 | I58: MARMT_ | J58: 0615334752 | K58: M'HAMID ,Résidence Noha GH3 Imm 4 ,Numéro 45 Bat 15 | L58: =VLOOKUP(A58,#REF!,1,0) -> #REF!
A59: DTLI71068038 | B59: 0529590306 | C59: RTC DTL | D59: VA | E59: NA | H59: 64.818206 | I59: WNA_ | J59: 212661183621 | K59: M'HAMID , Opération les Jardins d'Anas ,Numéro imm o Bat 1 | L59: =VLOOKUP(A59,#REF!,1,0) -> #REF!
A60: DTLI71070897 | B60: 0529440699 | C60: RTC DTL | D60: VA | E60: NA | H60: 63.805324 | I60: WNA_ | J60: 0771555499 | K60: M'HAMID ,Lotissement M'hamid 9 ,Numéro 74 | L60: =VLOOKUP(A60,#REF!,1,0) -> #REF!
A61: DTLI71074202 | B61: 0529744104 | C61: RTC DTL | D61: VA | E61: NA | H61: 62.671227 | I61: WNA_ | J61: 0662778805 | K61: M'HAMID ,Lotissement M hamid 5 ,Numéro 1066 | L61: =VLOOKUP(A61,#REF!,1,0) -> #REF!
A62: DTLI71078058 | B62: 0529737599 | C62: RTC DTL | D62: VA | E62: NA | H62: 60.546285 | I62: WNA_ | J62: 212626288009 | K62: M'HAMID , Opération El Bahja ,Numéro 9 | L62: =VLOOKUP(A62,#REF!,1,0) -> #REF!
A63: DTLIO00DBB63 | B63: 0525317504 | C63: RTC DTL | D63: VA | E63: NA | H63: 59.624583 | I63: MARMT_ | J63: 0670417703 | K63: M'HAMID ,Lotissement Maatallah ,Numéro 2257 Bat 15 | L63: =VLOOKUP(A63,#REF!,1,0) -> #REF!
A64: DTLI71081239 | B64: 0529744272 | C64: RTC DTL | D64: VA | E64: NA | H64: 58.871701 | I64: WNA_ | J64: 212696175750 | K64: M'HAMID , Opération Borj Ali Imm A M'hamid 9 ,Numéro 5 | L64: =VLOOKUP(A64,#REF!,1,0) -> #REF!
A65: DTLI71082468 | B65: 0529451947 | C65: RTC DTL | D65: VA | E65: NA | H65: 58.625289 | I65: WNA_ | J65: 0666732403 | K65: M'HAMID ,Lotissement Maatallah ,Numéro 74 | L65: =VLOOKUP(A65,#REF!,1,0) -> #REF!
A66: DTLI71086760 | B66: 0529751247 | C66: RTC DTL | D66: VA | E66: NA | H66: 57.640417 | I66: WNA_ | J66: 0633211649 | K66: M'HAMID , Lotissement Berradi II ,Numéro 610 | L66: =VLOOKUP(A66,#REF!,1,0) -> #REF!
A67: DTLIO00DC6B5 | B67: 0525318295 | C67: RTC DTL | D67: VA | E67: NA | H67: 56.860498 | I67: MARMT_ | J67: 0767644178 | K67: BOUAAKAZ ,Lotissement Zerktouni ,Numéro 976 Bat 15 | L67: =VLOOKUP(A67,#REF!,1,0) -> #REF!
A68: DTLI71088197 | B68: 0529750638 | C68: RTC DTL | D68: VA | E68: NA | H68: 56.859919 | I68: WNA_ | J68: 212606166875 | K68: M'HAMID ,Lotissement M'hamid 9 ,Numéro 1124 | L68: =VLOOKUP(A68,#REF!,1,0) -> #REF!
... A75: DTLIO00DDF13 | B75: 0525320345 | C75: RTC DTL | D75: VA | E75: NA | H75: 49.844664 | I75: MARMT_ | J75: 0607032971 | K75: M'HAMID ,Lotissement Berradi II ,Numéro 191 Bat 15 | L75: =VLOOKUP(A75,#REF!,1,0) -> #REF!
A76: 99569569 | B76: 0524372628 | C76: RTC | D76: VA | E76: NA | F76: BZND | H76: 49.627801 | I76: ESSAHELOUAFA | J76: 0684912395 | K76: M'HAMID ,Opération El Bahja ,Numéro 10
A77: DTLIO00DE1CA | B77: 0525320651 | C77: RTC DTL | D77: VA | E77: NA | H77: 49.609132 | I77: MARMT_ | J77: 0644780058 | K77: M'HAMID , Lotissement Saada 2 ,Numéro 1717 | L77: =VLOOKUP(A77,#REF!,1,0) -> #REF!
A78: DTLIO00DE079 | B78: 0525320421 | C78: RTC DTL | D78: VA | E78: NA | H78: 48.926493 | I78: MARMT_ | J78: 0783882579 | K78: M'HAMID ,Lotissement M'hamid 9 ,Numéro 709 | L78: =VLOOKUP(A78,#REF!,1,0) -> #REF!
A79: DTLIO00DDE05 | B79: 0525320256 | C79: RTC DTL | D79: VA | E79: NA | H79: 48.925833 | I79: MARMT_ | J79: 0634669071 | K79: M'HAMID , Bassatine Mrkch GH11 ,Numéro imm 4 Bat 6 | L79: =VLOOKUP(A79,#REF!,1,0) -> #REF!
A80: DTLIO00DE3C6 | B80: 0525320877 | C80: RTC DTL | D80: VA | E80: NA | H80: 48.916042 | I80: MARMT_ | J80: 0698415124 | K80: M'HAMID , Opération Alittifaq ,Numéro IMM J Bat 12 | L80: =VLOOKUP(A80,#REF!,1,0) -> #REF!
A81: DTLI71107344 | B81: 0529759152 | C81: RTC DTL | D81: VA | E81: NA | H81: 47.597708 | I81: WNA_ | J81: 212602145234 | K81: BOUAAKAZ , Opération Miftah Atlass Imm 01 ,Numéro 2 | L81: =VLOOKUP(A81,#REF!,1,0) -> #REF!
A82: DTLIO00DE768 | B82: 0525321126 | C82: RTC DTL | D82: VA | E82: NA | H82: 46.904433 | I82: MARMT_ | J82: 0654894247 | K82: MARRAKECH MEDINA ,MARRAKECH MEDINA ,Quartier Inconnue ,Voie Inconnue ,Numéro 492 Bat 16 | L82: =VLOOKUP(A82,#REF!,1,0) -> #REF!
A83: DTLI71108239 | B83: 0529755943 | C83: RTC DTL | D83: VA | E83: NA | H83: 46.769306 | I83: WNA_ | J83: 212635552764 | K83: M'HAMID , Lotissement M hamid 7 ,Numéro 30 | L83: =VLOOKUP(A83,#REF!,1,0) -> #REF!
A84: DTLIO00DEAA0 | B84: 0525321362 | C84: RTC DTL | D84: VA | E84: NA | H84: 46.608588 | I84: MARMT_ | J84: 0710369110 | K84: M'HAMID ,Lotissement Saada 2 ,Numéro 854 Bat 15 | L84: =VLOOKUP(A84,#REF!,1,0) -> #REF!
A85: DTLIO00DEBDC | B85: 0525321374 | C85: RTC DTL | D85: VA | E85: NA | H85: 46.491019 | I85: MARMT_ | J85: 0680674060 | K85: M'HAMID ,Lotissement Maatallah ,Numéro 425 Bat 15 | L85: =VLOOKUP(A85,#REF!,1,0) -> #REF!
A86: DTLI71110381 | B86: 0529759244 | C86: RTC DTL | D86: VA | E86: NA | H86: 46.317558 | I86: WNA_ | J86: 0696987149 | K86: OPERATION DOHA BORJ AZZAYTOUN , Mag Opération Doha Borj Azzaytoun ,Numéro 294 | L86: =VLOOKUP(A86,#REF!,1,0) -> #REF!
A87: DTLI71111929 | B87: 0529761384 | C87: RTC DTL | D87: VA | E87: NA | H87: 45.667164 | I87: WNA_ | J87: 212603261426 | K87: M'HAMID ,Lotissement Al Housna ,Numéro 320 | L87: =VLOOKUP(A87,#REF!,1,0) -> #REF!
A88: DTLI71112073 | B88: 0529759581 | C88: RTC DTL | D88: VA | E88: NA | H88: 45.639248 | I88: WNA_ | J88: 212622632210 | K88: M'HAMID ,Lotissement Al Housna ,Numéro 146 | L88: =VLOOKUP(A88,#REF!,1,0) -> #REF!
... A95: DTLIO00DF940 | B95: 0525322526 | C95: RTC DTL | D95: VA | E95: NA | H95: 43.535544 | I95: MARMT_ | J95: 0603822020 | K95: M'HAMID ,Lotissement Nahda ,Numéro 518 | L95: =VLOOKUP(A95,#REF!,1,0) -> #REF!
A96: DTLI71121698 | B96: 0529765307 | C96: RTC DTL | D96: VA | E96: NA | F96: CSEC | G96: msn doha 3 sature | H96: 41.590428 | I96: WNA_ | J96: 212658211025 | K96: OPERATION DOHA ,Voie Inconnue , | L96: =VLOOKUP(A96,[2]MOTIF!$B:$F,5,0) -> #N/A
A97: DTLI71122646 | B97: 0529765255 | C97: RTC DTL | D97: VA | E97: NA | H97: 40.527535 | I97: WNA_ | J97: 212719524243 | K97: M'HAMID ,Lotissement M hamid 7 ,Numéro 506 | L97: =VLOOKUP(A97,#REF!,1,0) -> #REF!
A98: DTLI71123851 | B98: 0529766065 | C98: RTC DTL | D98: VA | E98: NA | H98: 39.673056 | I98: WNA_ | J98: 0604305132 | K98: BOUAAKAZ ,Lotissement Zerktouni ,Numéro 631 | L98: =VLOOKUP(A98,#REF!,1,0) -> #REF!
A99: 99616515 | B99: 0524206911 | C99: RTC | D99: VA | E99: RM | H99: 39.654537 | I99: ABOURIALKHADIJA | J99: 0630648780 | K99: M'HAMID ,Les jardins d Abrar GH6-Imm53 ,Numéro 12
A100: DTLI71124249 | B100: 0529766611 | C100: RTC DTL | D100: VA | E100: NA | H100: 39.598252 | I100: WNA_ | J100: 212666452864 | K100: M'HAMID , Opération El Bahja Imm 16 ,Numéro 16 | L100: =VLOOKUP(A100,#REF!,1,0) -> #REF!
A101: DTLIO00E0425 | B101: 0525323624 | C101: RTC DTL | D101: VA | E101: NA | H101: 38.558102 | I101: MARMT_ | J101: 0620309026 | K101: M'HAMID , Opération Eddarraz Imm 94 ,Numéro 6 Bat IMM 95 | L101: =VLOOKUP(A101,#REF!,1,0) -> #REF!
A102: DTLIO00DE707 | B102: 0525321080 | C102: RTC DTL | D102: VA | E102: NA | F102: TRSA | G102: TT Satué Mha11 | H102: 36.748924 | I102: MARMT_ | J102: 0640447116 | K102: SIDI YOUSSEF BEN ALI ,HARBIL ,TAMANSOURTE ,Riad Atlas ,Numéro Bat 17 | L102: =VLOOKUP(A102,[2]MOTIF!$B:$F,5,0) -> #N/A
A103: DTLI71138243 | B103: 0529770402 | C103: RTC DTL | D103: VA | E103: NA | H103: 35.664086 | I103: WNA_ | J103: 212609184042 | K103: M'HAMID ,Lotissement M hamid 4 ,Numéro 287 | L103: =VLOOKUP(A103,#REF!,1,0) -> #REF!
A104: DTLI71138250 | B104: 0529770480 | C104: RTC DTL | D104: VA | E104: NA | H104: 35.662847 | I104: WNA_ | J104: 212676725369 | K104: BOUAAKAZ ,Bloc 16 ,Numéro 912 | L104: =VLOOKUP(A104,#REF!,1,0) -> #REF!
A105: DTLIO00E1AA5 | B105: 0525325690 | C105: RTC DTL | D105: VA | E105: NA | H105: 34.725116 | I105: MARMT_ | J105: 0606555555 | K105: M'HAMID ,Résidence Izdihar 2 Imm 8 Mhamid 9 ,Numéro 14 Bat 15 | L105: =VLOOKUP(A105,#REF!,1,0) -> #REF!
A106: DTLI71140118 | B106: 0529771561 | C106: RTC DTL | D106: VA | E106: NA | H106: 34.721157 | I106: WNA_ | J106: 212604959583 | K106: M'HAMID , Opération les Jardins d'Anas Imm I ,Numéro 8 | L106: =VLOOKUP(A106,#REF!,1,0) -> #REF!
A107: DTLI71140259 | B107: 0529771793 | C107: RTC DTL | D107: VA | E107: NA | H107: 34.653924 | I107: WNA_ | J107: 212671607081 | K107: M'HAMID , Opération Badr 2 Imm 1 ,Numéro 8 | L107: =VLOOKUP(A107,#REF!,1,0) -> #REF!
A108: DTLIO00E1D56 | B108: 0525325888 | C108: RTC DTL | D108: VA | E108: NA | H108: 32.825498 | I108: MARMT_ | J108: 0615059965 | K108: BOUAAKAZ , Opération Hadaiq Chrifia ,Numéro imm 120 Bat 7 | L108: =VLOOKUP(A108,#REF!,1,0) -> #REF!
A109: DTLI71143707 | B109: 0529758031 | C109: RTC DTL | D109: VA | E109: NA | H109: 32.749491 | I109: WNA_ | J109: 212660680385 | K109: BOUAAKAZ ,Bloc 16 ,Numéro 947 | L109: =VLOOKUP(A109,#REF!,1,0) -> #REF!
A110: DTLI71146791 | B110: 0529770662 | C110: RTC DTL | D110: VA | E110: NA | H110: 31.864769 | I110: WNA_ | J110: 212630359681 | K110: M'HAMID , Lotissement M hamid 7 ,Numéro 32 | L110: =VLOOKUP(A110,#REF!,1,0) -> #REF!
A111: DTLIO00E227D | B111: 0525326377 | C111: RTC DTL | D111: VA | E111: NA | H111: 31.810289 | I111: MARMT_ | J111: 0671881457 | K111: OPERATION DOHA BORJ AZZAYTOUN , Immeuble GH11-AO73 ,Numéro imm 73 Bat 11 | L111: =VLOOKUP(A111,#REF!,1,0) -> #REF!
A112: DTLI02223466 | B112: 0529592534 | C112: RTC DTL | D112: VA | E112: NA | F112: TB | H112: 31.56463 | I112: WNA_ | J112: 0666856212 | K112: M'HAMID , Dispenssaire M hamid ,Numéro 1 Porte SAID | L112: =VLOOKUP(A112,[2]MOTIF!$B:$F,5,0) -> #N/A
A113: DTLIO00E2456 | B113: 0525326527 | C113: RTC DTL | D113: VA | E113: NA | H113: 31.517836 | I113: MARMT_ | J113: 0663560555 | K113: M'HAMID , Jawharat M'haimid GH1 Imm 2 ,Numéro imm 1 Bat 21 | L113: =VLOOKUP(A113,[2]MOTIF!$B:$F,5,0) -> #N/A
A114: DTLIO00E283B | B114: 0525326864 | C114: RTC DTL | D114: VA | E114: NA | H114: 30.680984 | I114: MARMT_ | J114: 0631623910 | K114: M'HAMID ,Lotissement M'hamid 9 ,Numéro 725 | L114: =VLOOKUP(A114,#REF!,1,0) -> #REF!
A115: DTLIO00E2C96 | B115: 0525327231 | C115: RTC DTL | D115: VA | E115: NA | F115: TRSA | G115: TT Saturé Mha157 | H115: 29.682269 | I115: MARMT_ | J115: 0654207778 | K115: Province M'HAMID ,Lotissement Houman El Fetouaki ,Numéro 322 | L115: =VLOOKUP(A115,[2]MOTIF!$B:$F,5,0) -> #N/A
A116: DTLI71154555 | B116: 0529777062 | C116: RTC DTL | D116: VA | E116: NA | F116: TRSA | G116: TT Saturé Mha11 | H116: 29.635104 | I116: WNA_ | J116: 212629174402 | K116: M'HAMID ,Lotissement Nahda ,Numéro 1097 | L116: =VLOOKUP(A116,[2]MOTIF!$B:$F,5,0) -> #N/A
A117: DTLI71155350 | B117: 0529776934 | C117: RTC DTL | D117: VA | E117: NA | H117: 29.413414 | I117: WNA_ | J117: 0616038664 | K117: OPERATION AL ITTIFAQ ,Immeuble A3 ,Numéro 12 | L117: =VLOOKUP(A117,#REF!,1,0) -> #REF!
A118: DTLIO00E2D7C | B118: 0525327299 | C118: RTC DTL | D118: VA | E118: NA | H118: 28.90434 | I118: MARMT_ | J118: 0661638806 | K118: M'HAMID ,Lotissement Al Amane ,Numéro 341 Bat 15 | L118: =VLOOKUP(A118,#REF!,1,0) -> #REF!
A119: DTLI71156194 | B119: 0529778220 | C119: RTC DTL | D119: VA | E119: NA | H119: 28.811771 | I119: WNA_ | J119: 0611171699 | K119: M'HAMID , Ain Souna Imm A1 ,Numéro imm A7 Bat 12 | L119: =VLOOKUP(A119,#REF!,1,0) -> #REF!
A120: 99668028 | B120: 0524372507 | C120: RTC | D120: VA | E120: NA | F120: TRSA | G120: TT SaturÃ© Mha152 | H120: 28.662535 | I120: ABRAR VISION | J120: 0663088446 | K120: M'HAMID ,Les jardins d Abrar GH1-Imm8 ,Numéro 49
A121: 99668760 | B121: 0524208087 | C121: RTC | D121: VA | E121: NA | H121: 28.608403 | I121: TOUILIISMAIL | J121: 0621116098 | K121: M'HAMID ,Résidence Noha Imm 2 ,Numéro 1
A122: DTLIO00E31E9 | B122: 0525327632 | C122: RTC DTL | D122: VA | E122: NA | F122: TRSA | G122: TT Saturé Mha143 | H122: 28.575752 | I122: MARMT_ | J122: 0721144144 | K122: BOUAAKAZ , Lotissement Les Jardins Chrifia ,Numéro imm 92 Bat 9 | L122: =VLOOKUP(A122,[2]MOTIF!$B:$F,5,0) -> #N/A
A123: DTLI71156919 | B123: 0529778859 | C123: RTC DTL | D123: VA | E123: NA | H123: 28.560903 | I123: WNA_ | J123: 212637388644 | K123: M'HAMID ,Ain Souna Imm C4 ,Numéro 3 | L123: =VLOOKUP(A123,#REF!,1,0) -> #REF!
A124: DTLIO00E340B | B124: 0525502174 | C124: RTC DTL | D124: VA | E124: NA | F124: TRSA | G124: TT Saturé Mha157 | H124: 27.808021 | I124: MARMT_ | J124: 0662152598 | K124: M'HAMID ,Lotissement Houman El Fetouaki ,Numéro 336 Bat 15 | L124: =VLOOKUP(A124,[2]MOTIF!$B:$F,5,0) -> #N/A
A125: DTLI71160239 | B125: 0529775332 | C125: RTC DTL | D125: VA | E125: NA | H125: 27.714595 | I125: WNA_ | J125: 0671816189 | K125: BOUAAKAZ ,Lotissement Zerktouni ,Porte 1085 | L125: =VLOOKUP(A125,#REF!,1,0) -> #REF!
A126: DTLI02223928 | B126: 0529596059 | C126: RTC DTL | D126: VA | E126: NA | H126: 27.623472 | I126: WNA_ | J126: 212674294294 | K126: M'HAMID , Opération les Jardins d'Anas Imm R ,Numéro 9 | L126: =VLOOKUP(A126,#REF!,1,0) -> #REF!
A127: DTLI71160547 | B127: 0529779827 | C127: RTC DTL | D127: VA | E127: NA | H127: 27.589398 | I127: WNA_ | J127: 212678868644 | K127: M'HAMID , Opération El Bahja ,Numéro 2 Porte SAID | L127: =VLOOKUP(A127,#REF!,1,0) -> #REF!
A128: DTLIO00E366D | B128: 0525328000 | C128: RTC DTL | D128: VA | E128: NA | H128: 26.754977 | I128: MARMT_ | J128: 0526254897 | K128: GUELIZ ,Voie Inconnue ,Numéro SN Bat 15 | L128: =VLOOKUP(A128,[2]MOTIF!$B:$F,5,0) -> #N/A
A129: 99672070 | B129: 0524371638 | C129: RTC | D129: VA | E129: TL | F129: TRSA | G129: TR saturÃ© mha:143 | H129: 25.928299 | I129: CHAWKIHICHAM | J129: 000000000 | K129: BOUAAKAZ ,Opération Jardins Chrifia Imm 152 ,Numéro 8
A130: DTLI71162707 | B130: 0529780312 | C130: RTC DTL | D130: VA | E130: NA | F130: TRSA | G130: DTLI71162707 | H130: 25.642523 | I130: WNA_ | J130: 212630440770 | K130: Province M'HAMID ,Lotissement Houman El Fetouaki ,Numéro 341 | L130: =VLOOKUP(A130,[2]MOTIF!$B:$F,5,0) -> #N/A
A131: DTLI71162707 | B131: 0529780312 | C131: RTC DTL | D131: VA | E131: NA | F131: TRSA | G131: TT Saturé Mha157 | H131: 25.642523 | I131: WNA_ | J131: 212630440770 | K131: Province M'HAMID ,Lotissement Houman El Fetouaki ,Numéro 341 | L131: =VLOOKUP(A131,[2]MOTIF!$B:$F,5,0) -> #N/A
A132: DTLI71162716 | B132: 0529481931 | C132: RTC DTL | D132: VA | E132: NA | F132: TRSA | G132: TT Saturé Mha157 | H132: 25.641377 | I132: WNA_ | J132: 0771975474 | K132: M'HAMID ,Lotissement Houman El Fetouaki ,Numéro 12 Porte 22 | L132: =VLOOKUP(A132,[2]MOTIF!$B:$F,5,0) -> #N/A
A133: DTLI71162752 | B133: 0529780580 | C133: RTC DTL | D133: VA | E133: NA | H133: 25.635162 | I133: WNA_ | J133: 212673781888 | K133: M'HAMID , Lotissement M hamid 7 ,Numéro 64 | L133: =VLOOKUP(A133,#REF!,1,0) -> #REF!
A134: DFOIM00MB58VEVN | B134: 0525328223 | C134: GPON DFO | D134: VA | E134: NA | F134: POT | G134: ISOTECH le 17/06/2025 11:34 -Nécessite 6 Poteaux | H134: 25.624468 | I134: MARMT_ | J134: 0647596254 | K134: M'HAMID ,Ain Souna Imm A3 ,Numéro -2
A135: DTLI71162816 | B135: 0529781059 | C135: RTC DTL | D135: VA | E135: NA | H135: 25.620104 | I135: WNA_ | J135: 0716029669 | K135: M'HAMID , Ain Souna Imm A1 ,Numéro imm 2 Bat 12 | L135: =VLOOKUP(A135,#REF!,1,0) -> #REF!
A136: DTLI71162899 | B136: 0529780693 | C136: RTC DTL | D136: VA | E136: NA | H136: 25.602778 | I136: WNA_ | J136: 212666466504 | K136: Province M'HAMID ,Lotissement M'hamid 9 ,Numéro 756 | L136: =VLOOKUP(A136,#REF!,1,0) -> #REF!
A137: DTLIO00E3AAB | B137: 0525327934 | C137: RTC DTL | D137: VA | E137: NA | F137: TRSA | G137: TT Saturé Mha144 | H137: 25.574757 | I137: MARMT_ | J137: 0766607853 | K137: BOUAAKAZ , Opération Hadaiq Chrifia ,Numéro imm 114 Bat 6 | L137: =VLOOKUP(A137,[2]MOTIF!$B:$F,5,0) -> #N/A
A138: DTLIO00E3AB6 | B138: 0525328334 | C138: RTC DTL | D138: VA | E138: NA | H138: 25.570961 | I138: MARMT_ | J138: 0661830444 | K138: M'HAMID ,Lotissement M hamid 5 ,Numéro 1264 | L138: =VLOOKUP(A138,#REF!,1,0) -> #REF!
...

Sheet SITUATION21.1
A1: N° Com. | B1: ND | C1: S. Produit | D1: Etat | E1: Op | F1: Motif | G1: com. motif | H1: Délai(j) | I1: Intitulé client | J1: Contact client | K1: Adresse | L1: A
A2: DTLI70641411 | B2: 0529418093 | C2: RTC DTL | D2: VA | E2: NA | H2: 213.80233 | I2: WNA_ | J2: 0641373034 | K2: M'HAMID ,Lotissement Al Housna ,Porte 372 | L2: =VLOOKUP(A2,#REF!,1,0) -> #REF!
A3: DTLI70727850 | B3: 0529609744 | C3: RTC DTL | D3: VA | E3: NA | F3: CRI | H3: 188.68229 | I3: WNA_ | J3: 0671369895 | K3: BOUAAKAZ , Opération Bahia Sakane Imm 64 ,Numéro 19 | L3: =VLOOKUP(A3,#REF!,1,0) -> #REF!
A4: DTLI70734641 | B4: 0529647012 | C4: RTC DTL | D4: VA | E4: NA | H4: 185.73677 | I4: WNA_ | J4: 0708917890 | K4: M'HAMID , Les jardins d Abrar GH3-Imm28 ,Numéro 29 | L4: =VLOOKUP(A4,#REF!,1,0) -> #REF!
A5: DTLIO00BBED7 | B5: 0520960948 | C5: RTC DTL | D5: VA | E5: NA | H5: 180.14509 | I5: MARMT_ | J5: 0641080135 | K5: M'HAMID , Lotissement Berradi II ,Numéro 493 | L5: =VLOOKUP(A5,#REF!,1,0) -> #REF!
A6: DTLI70808185 | B6: 0529580630 | C6: RTC DTL | D6: VA | E6: NA | H6: 160.99858 | I6: WNA_ | J6: 0626972101 | K6: M'HAMID , Bloc 19 ,Numéro 725 | L6: =VLOOKUP(A6,#REF!,1,0) -> #REF!
A7: DTLI70815011 | B7: 0529591519 | C7: RTC DTL | D7: VA | E7: NA | H7: 158.83993 | I7: WNA_ | J7: 0624096534 | K7: M'HAMID , Op Abwab Al Atlas Imm B3 ,Numéro 40 | L7: =VLOOKUP(A7,#REF!,1,0) -> #REF!
A8: DTLI70822536 | B8: 0529410591 | C8: RTC DTL | D8: VA | E8: NA | H8: 156.05473 | I8: WNA_ | J8: 0696365109 | K8: BOUAAKAZ ,Bloc 12 ,Numéro 583 | L8: =VLOOKUP(A8,#REF!,1,0) -> #REF!
A9: DTLI70823120 | B9: 0529429466 | C9: RTC DTL | D9: VA | E9: NA | H9: 155.9377 | I9: WNA_ | J9: 212661744871 | K9: BOUAAKAZ , Opération Bahia Sakane Imm 73 ,Numéro 1065 | L9: =VLOOKUP(A9,#REF!,1,0) -> #REF!
A10: DTLI70831392 | B10: 0529432499 | C10: RTC DTL | D10: VA | E10: NA | H10: 153.80199 | I10: WNA_ | J10: 0694778288 | K10: Province M'HAMID ,Opération les Jardins d'Anas Imm E1 ,Numéro 18 | L10: =VLOOKUP(A10,#REF!,1,0) -> #REF!
A11: DTLI70834878 | B11: 0529440893 | C11: RTC DTL | D11: VA | E11: NA | H11: 151.70167 | I11: WNA_ | J11: 212661940825 | K11: M'HAMID , Opération Diour Atlas Imm V ,Numéro 11 Bat imm w | L11: =VLOOKUP(A11,#REF!,1,0) -> #REF!
A12: DTLI70848819 | B12: 0529445356 | C12: RTC DTL | D12: VA | E12: NA | H12: 147.81606 | I12: WNA_ | J12: 0669334904 | K12: M'HAMID , Les jardins d Abrar GH5-Imm47 ,Numéro 5 | L12: =VLOOKUP(A12,#REF!,1,0) -> #REF!
A13: DTLI70855365 | B13: 0529447317 | C13: RTC DTL | D13: VA | E13: NA | H13: 145.06898 | I13: WNA_ | J13: 212670423087 | K13: M'HAMID ,Lotissement Saada 2 ,Numéro 863 | L13: =VLOOKUP(A13,#REF!,1,0) -> #REF!
A14: DTLIO00C5AD5 | B14: 0525294318 | C14: RTC DTL | D14: VA | E14: NA | H14: 144.82471 | I14: MARMT_ | J14: 0684466786 | K14: M'HAMID , Opération Diour Atlas Imm J ,Numéro 12 Bat IMM V | L14: =VLOOKUP(A14,#REF!,1,0) -> #REF!
A15: DTLIO00C5738 | B15: 0525294069 | C15: RTC DTL | D15: VA | E15: NA | H15: 144.18466 | I15: MARMT_ | J15: 0634669071 | K15: M'HAMID ,Opération Al Bassatine Bloc A ,Numéro 1 Bat 15 | L15: =VLOOKUP(A15,#REF!,1,0) -> #REF!
... A42: DTLI70994638 | B42: 0529712093 | C42: RTC DTL | D42: VA | E42: NA | H42: 95.995035 | I42: WNA_ | J42: 0648684341 | K42: M'HAMID ,Bloc 26 ,Numéro 1191 | L42: =VLOOKUP(A42,#REF!,1,0) -> #REF!
A43: 99407301 | B43: 0524379905 | C43: RTC | D43: VA | E43: NA | F43: EBST | H43: 95.153194 | I43: AOUTARABDELALI | J43: 0661746605 | K43: M'HAMID ,Bassatine Mrkch GH4-Imm 20U Mhamid9 ,Numéro 5 Etage 3
A44: DTLI70996673 | B44: 0529712877 | C44: RTC DTL | D44: VA | E44: NA | H44: 95.065868 | I44: WNA_ | J44: 212635710367 | K44: M'HAMID , Opération Salama GHI-Imm3 ,Numéro 3 Bat BLOC H IMM 03 | L44: =VLOOKUP(A44,#REF!,1,0) -> #REF!
A45: DTLI70997241 | B45: 0529713551 | C45: RTC DTL | D45: VA | E45: NA | H45: 94.995891 | I45: WNA_ | J45: 0657162022 | K45: M'HAMID ,Lotissement Al Housna ,Numéro 464 | L45: =VLOOKUP(A45,#REF!,1,0) -> #REF!
A46: DTLI70998954 | B46: 0529714279 | C46: RTC DTL | D46: VA | E46: NA | H46: 94.078831 | I46: WNA_ | J46: 212660971142 | K46: M'HAMID ,Lotissement Saada 1 ,Numéro 445 | L46: =VLOOKUP(A46,#REF!,1,0) -> #REF!
A47: DTLI71003402 | B47: 0529715890 | C47: RTC DTL | D47: VA | E47: NA | H47: 92.636343 | I47: WNA_ | J47: 0601409696 | K47: M'HAMID , Lotissement M hamid 2 ,Numéro 1564 | L47: =VLOOKUP(A47,#REF!,1,0) -> #REF!
A48: DTLI71014644 | B48: 0529719258 | C48: RTC DTL | D48: VA | E48: NA | H48: 87.672824 | I48: WNA_ | J48: 0663298214 | K48: BOUAAKAZ , Voie Inconnue ,Numéro RES KORTOBA IMM F N 8 | L48: =VLOOKUP(A48,#REF!,1,0) -> #REF!
A49: DTLI71030474 | B49: 0529724741 | C49: RTC DTL | D49: VA | E49: NA | H49: 79.108206 | I49: WNA_ | J49: 212632774634 | K49: M'HAMID , Lotissement M'hamid 9 ,Numéro 509 | L49: =VLOOKUP(A49,#REF!,1,0) -> #REF!
A50: DTLI71034419 | B50: 0529726562 | C50: RTC DTL | D50: VA | E50: NA | H50: 77.831412 | I50: WNA_ | J50: 0616242750 | K50: M'HAMID , Opération Abwab Al Atlas Imm B6 ,Numéro 11 Bat IMM B9 | L50: =VLOOKUP(A50,#REF!,1,0) -> #REF!
A51: DTLI71036742 | B51: 0529728168 | C51: RTC DTL | D51: VA | E51: NA | H51: 76.683773 | I51: WNA_ | J51: 0626372353 | K51: M'HAMID ,Lotissement M hamid 4 ,Numéro 499 | L51: =VLOOKUP(A51,#REF!,1,0) -> #REF!
A52: DTLI02206624 | B52: 0529715759 | C52: RTC DTL | D52: VA | E52: NA | H52: 73.910845 | I52: WNA_ | J52: 212667237667 | K52: M'HAMID , Lotissement M hamid 2 ,Numéro 24 | L52: =VLOOKUP(A52,#REF!,1,0) -> #REF!
A53: 99482279 | B53: 0524361444 | C53: RTC | D53: VA | E53: TR | H53: 72.210498 | I53: EDDACHRAOUIFATIMA | J53: 000000000 | K53: M'HAMID ,Op-Jardins des Orangier Imm D2 ,Etage 1 Porte 8
A54: DTLI71045690 | B54: 0529717351 | C54: RTC DTL | D54: VA | E54: NA | H54: 72.150035 | I54: WNA_ | J54: 0701201631 | K54: M'HAMID ,Lotissement Adrar I ,Numéro 60 | L54: =VLOOKUP(A54,#REF!,1,0) -> #REF!
A55: DTLI02206981 | B55: 0529737462 | C55: RTC DTL | D55: VA | E55: NA | H55: 67.804306 | I55: WNA_ | J55: 212630870058 | K55: M'HAMID ,Lotissement Saada 1 ,Numéro 368 | L55: =VLOOKUP(A55,#REF!,1,0) -> #REF!
A56: DTLI71057362 | B56: 0529720428 | C56: RTC DTL | D56: VA | E56: NA | F56: TRSA | G56: TR saturé Mha:142 | H56: 67.748727 | I56: WNA_ | J56: 212663804910 | K56: BOUAAKAZ , Opération Bahia Sakane Imm 69 ,Numéro 3220 | L56: =VLOOKUP(A56,#REF!,1,0) -> #REF!
A57: DTLI71065037 | B57: 0529740107 | C57: RTC DTL | D57: VA | E57: NA | H57: 65.845613 | I57: WNA_ | J57: 0662845144 | K57: OPERATION DOHA BORJ AZZAYTOUN , Immeuble GH01-004 ,Numéro imm 4 Bat 10 | L57: =VLOOKUP(A57,#REF!,1,0) -> #REF!
A58: DTLIO00DA619 | B58: 0525316158 | C58: RTC DTL | D58: VA | E58: NA | H58: 65.116192 | I58: MARMT_ | J58: 0615334752 | K58: M'HAMID ,Résidence Noha GH3 Imm 4 ,Numéro 45 Bat 15 | L58: =VLOOKUP(A58,#REF!,1,0) -> #REF!
A59: DTLI71068038 | B59: 0529590306 | C59: RTC DTL | D59: VA | E59: NA | H59: 65.104363 | I59: WNA_ | J59: 212661183621 | K59: M'HAMID , Opération les Jardins d'Anas ,Numéro imm o Bat 1 | L59: =VLOOKUP(A59,#REF!,1,0) -> #REF!
A60: DTLI71070897 | B60: 0529440699 | C60: RTC DTL | D60: VA | E60: NA | H60: 64.091481 | I60: WNA_ | J60: 0771555499 | K60: M'HAMID ,Lotissement M'hamid 9 ,Numéro 74 | L60: =VLOOKUP(A60,#REF!,1,0) -> #REF!
A61: DTLI71074202 | B61: 0529744104 | C61: RTC DTL | D61: VA | E61: NA | H61: 62.957384 | I61: WNA_ | J61: 0662778805 | K61: M'HAMID ,Lotissement M hamid 5 ,Numéro 1066 | L61: =VLOOKUP(A61,#REF!,1,0) -> #REF!
A62: DTLI71078058 | B62: 0529737599 | C62: RTC DTL | D62: VA | E62: NA | H62: 60.832442 | I62: WNA_ | J62: 212626288009 | K62: M'HAMID , Opération El Bahja ,Numéro 9 | L62: =VLOOKUP(A62,#REF!,1,0) -> #REF!
A63: DTLIO00DBB63 | B63: 0525317504 | C63: RTC DTL | D63: VA | E63: NA | H63: 59.910741 | I63: MARMT_ | J63: 0670417703 | K63: M'HAMID ,Lotissement Maatallah ,Numéro 2257 Bat 15 | L63: =VLOOKUP(A63,#REF!,1,0) -> #REF!
A64: DTLI71081239 | B64: 0529744272 | C64: RTC DTL | D64: VA | E64: NA | H64: 59.157859 | I64: WNA_ | J64: 212696175750 | K64: M'HAMID , Opération Borj Ali Imm A M'hamid 9 ,Numéro 5 | L64: =VLOOKUP(A64,#REF!,1,0) -> #REF!
A65: DTLI71082468 | B65: 0529451947 | C65: RTC DTL | D65: VA | E65: NA | H65: 58.911447 | I65: WNA_ | J65: 0666732403 | K65: M'HAMID ,Lotissement Maatallah ,Numéro 74 | L65: =VLOOKUP(A65,#REF!,1,0) -> #REF!
A66: DTLI71086760 | B66: 0529751247 | C66: RTC DTL | D66: VA | E66: NA | H66: 57.926574 | I66: WNA_ | J66: 0633211649 | K66: M'HAMID , Lotissement Berradi II ,Numéro 610 | L66: =VLOOKUP(A66,#REF!,1,0) -> #REF!
A67: DTLIO00DC6B5 | B67: 0525318295 | C67: RTC DTL | D67: VA | E67: NA | H67: 57.146655 | I67: MARMT_ | J67: 0767644178 | K67: BOUAAKAZ ,Lotissement Zerktouni ,Numéro 976 Bat 15 | L67: =VLOOKUP(A67,#REF!,1,0) -> #REF!
A68: DTLI71088197 | B68: 0529750638 | C68: RTC DTL | D68: VA | E68: NA | H68: 57.146076 | I68: WNA_ | J68: 212606166875 | K68: M'HAMID ,Lotissement M'hamid 9 ,Numéro 1124 | L68: =VLOOKUP(A68,#REF!,1,0) -> #REF!
... A75: DTLIO00DDF13 | B75: 0525320345 | C75: RTC DTL | D75: VA | E75: NA | H75: 50.130822 | I75: MARMT_ | J75: 0607032971 | K75: M'HAMID ,Lotissement Berradi II ,Numéro 191 Bat 15 | L75: =VLOOKUP(A75,#REF!,1,0) -> #REF!
A76: 99569569 | B76: 0524372628 | C76: RTC | D76: VA | E76: NA | F76: BZND | H76: 49.913958 | I76: ESSAHELOUAFA | J76: 0684912395 | K76: M'HAMID ,Opération El Bahja ,Numéro 10
A77: DTLIO00DE1CA | B77: 0525320651 | C77: RTC DTL | D77: VA | E77: NA | H77: 49.895289 | I77: MARMT_ | J77: 0644780058 | K77: M'HAMID , Lotissement Saada 2 ,Numéro 1717 | L77: =VLOOKUP(A77,#REF!,1,0) -> #REF!
A78: DTLIO00DE079 | B78: 0525320421 | C78: RTC DTL | D78: VA | E78: NA | H78: 49.21265 | I78: MARMT_ | J78: 0783882579 | K78: M'HAMID ,Lotissement M'hamid 9 ,Numéro 709 | L78: =VLOOKUP(A78,#REF!,1,0) -> #REF!
A79: DTLIO00DDE05 | B79: 0525320256 | C79: RTC DTL | D79: VA | E79: NA | H79: 49.211991 | I79: MARMT_ | J79: 0634669071 | K79: M'HAMID , Bassatine Mrkch GH11 ,Numéro imm 4 Bat 6 | L79: =VLOOKUP(A79,#REF!,1,0) -> #REF!
A80: DTLIO00DE3C6 | B80: 0525320877 | C80: RTC DTL | D80: VA | E80: NA | H80: 49.202199 | I80: MARMT_ | J80: 0698415124 | K80: M'HAMID , Opération Alittifaq ,Numéro IMM J Bat 12 | L80: =VLOOKUP(A80,#REF!,1,0) -> #REF!
A81: DTLI71107344 | B81: 0529759152 | C81: RTC DTL | D81: VA | E81: NA | H81: 47.883866 | I81: WNA_ | J81: 212602145234 | K81: BOUAAKAZ , Opération Miftah Atlass Imm 01 ,Numéro 2 | L81: =VLOOKUP(A81,#REF!,1,0) -> #REF!
A82: DTLIO00DE768 | B82: 0525321126 | C82: RTC DTL | D82: VA | E82: NA | H82: 47.19059 | I82: MARMT_ | J82: 0654894247 | K82: MARRAKECH MEDINA ,MARRAKECH MEDINA ,Quartier Inconnue ,Voie Inconnue ,Numéro 492 Bat 16 | L82: =VLOOKUP(A82,#REF!,1,0) -> #REF!
A83: DTLI71108239 | B83: 0529755943 | C83: RTC DTL | D83: VA | E83: NA | H83: 47.055463 | I83: WNA_ | J83: 212635552764 | K83: M'HAMID , Lotissement M hamid 7 ,Numéro 30 | L83: =VLOOKUP(A83,#REF!,1,0) -> #REF!
A84: DTLIO00DEAA0 | B84: 0525321362 | C84: RTC DTL | D84: VA | E84: NA | H84: 46.894745 | I84: MARMT_ | J84: 0710369110 | K84: M'HAMID ,Lotissement Saada 2 ,Numéro 854 Bat 15 | L84: =VLOOKUP(A84,#REF!,1,0) -> #REF!
A85: DTLIO00DEBDC | B85: 0525321374 | C85: RTC DTL | D85: VA | E85: NA | H85: 46.777176 | I85: MARMT_ | J85: 0680674060 | K85: M'HAMID ,Lotissement Maatallah ,Numéro 425 Bat 15 | L85: =VLOOKUP(A85,#REF!,1,0) -> #REF!
A86: DTLI71110381 | B86: 0529759244 | C86: RTC DTL | D86: VA | E86: NA | H86: 46.603715 | I86: WNA_ | J86: 0696987149 | K86: OPERATION DOHA BORJ AZZAYTOUN , Mag Opération Doha Borj Azzaytoun ,Numéro 294 | L86: =VLOOKUP(A86,#REF!,1,0) -> #REF!
A87: DTLI71111929 | B87: 0529761384 | C87: RTC DTL | D87: VA | E87: NA | H87: 45.953322 | I87: WNA_ | J87: 212603261426 | K87: M'HAMID ,Lotissement Al Housna ,Numéro 320 | L87: =VLOOKUP(A87,#REF!,1,0) -> #REF!
A88: DTLI71112073 | B88: 0529759581 | C88: RTC DTL | D88: VA | E88: NA | H88: 45.925405 | I88: WNA_ | J88: 212622632210 | K88: M'HAMID ,Lotissement Al Housna ,Numéro 146 | L88: =VLOOKUP(A88,#REF!,1,0) -> #REF!
... A95: DTLIO00DF940 | B95: 0525322526 | C95: RTC DTL | D95: VA | E95: NA | H95: 43.821701 | I95: MARMT_ | J95: 0603822020 | K95: M'HAMID ,Lotissement Nahda ,Numéro 518 | L95: =VLOOKUP(A95,#REF!,1,0) -> #REF!
A96: DTLI71121698 | B96: 0529765307 | C96: RTC DTL | D96: VA | E96: NA | F96: CSEC | G96: msn doha 3 sature | H96: 41.876586 | I96: WNA_ | J96: 212658211025 | K96: OPERATION DOHA ,Voie Inconnue , | L96: =VLOOKUP(A96,[2]MOTIF!$B:$F,5,0) -> #N/A
A97: DTLI71122646 | B97: 0529765255 | C97: RTC DTL | D97: VA | E97: NA | H97: 40.813692 | I97: WNA_ | J97: 212719524243 | K97: M'HAMID ,Lotissement M hamid 7 ,Numéro 506 | L97: =VLOOKUP(A97,#REF!,1,0) -> #REF!
A98: DTLI71123851 | B98: 0529766065 | C98: RTC DTL | D98: VA | E98: NA | H98: 39.959213 | I98: WNA_ | J98: 0604305132 | K98: BOUAAKAZ ,Lotissement Zerktouni ,Numéro 631 | L98: =VLOOKUP(A98,#REF!,1,0) -> #REF!
A99: 99616515 | B99: 0524206911 | C99: RTC | D99: VA | E99: RM | H99: 39.940694 | I99: ABOURIALKHADIJA | J99: 0630648780 | K99: M'HAMID ,Les jardins d Abrar GH6-Imm53 ,Numéro 12
A100: DTLI71124249 | B100: 0529766611 | C100: RTC DTL | D100: VA | E100: NA | H100: 39.88441 | I100: WNA_ | J100: 212666452864 | K100: M'HAMID , Opération El Bahja Imm 16 ,Numéro 16 | L100: =VLOOKUP(A100,#REF!,1,0) -> #REF!
A101: DTLIO00E0425 | B101: 0525323624 | C101: RTC DTL | D101: VA | E101: NA | H101: 38.844259 | I101: MARMT_ | J101: 0620309026 | K101: M'HAMID , Opération Eddarraz Imm 94 ,Numéro 6 Bat IMM 95 | L101: =VLOOKUP(A101,#REF!,1,0) -> #REF!
A102: DTLIO00DE707 | B102: 0525321080 | C102: RTC DTL | D102: VA | E102: NA | F102: TRSA | G102: TT Satué Mha11 | H102: 37.035081 | I102: MARMT_ | J102: 0640447116 | K102: SIDI YOUSSEF BEN ALI ,HARBIL ,TAMANSOURTE ,Riad Atlas ,Numéro Bat 17 | L102: =VLOOKUP(A102,[2]MOTIF!$B:$F,5,0) -> #N/A
A103: DTLI71138243 | B103: 0529770402 | C103: RTC DTL | D103: VA | E103: NA | H103: 35.950243 | I103: WNA_ | J103: 212609184042 | K103: M'HAMID ,Lotissement M hamid 4 ,Numéro 287 | L103: =VLOOKUP(A103,#REF!,1,0) -> #REF!
A104: DTLI71138250 | B104: 0529770480 | C104: RTC DTL | D104: VA | E104: NA | H104: 35.949005 | I104: WNA_ | J104: 212676725369 | K104: BOUAAKAZ ,Bloc 16 ,Numéro 912 | L104: =VLOOKUP(A104,#REF!,1,0) -> #REF!
A105: DTLIO00E1AA5 | B105: 0525325690 | C105: RTC DTL | D105: VA | E105: NA | H105: 35.011273 | I105: MARMT_ | J105: 0606555555 | K105: M'HAMID ,Résidence Izdihar 2 Imm 8 Mhamid 9 ,Numéro 14 Bat 15 | L105: =VLOOKUP(A105,#REF!,1,0) -> #REF!
A106: DTLI71140118 | B106: 0529771561 | C106: RTC DTL | D106: VA | E106: NA | H106: 35.007315 | I106: WNA_ | J106: 212604959583 | K106: M'HAMID , Opération les Jardins d'Anas Imm I ,Numéro 8 | L106: =VLOOKUP(A106,#REF!,1,0) -> #REF!
A107: DTLI71140259 | B107: 0529771793 | C107: RTC DTL | D107: VA | E107: NA | H107: 34.940081 | I107: WNA_ | J107: 212671607081 | K107: M'HAMID , Opération Badr 2 Imm 1 ,Numéro 8 | L107: =VLOOKUP(A107,#REF!,1,0) -> #REF!
A108: DTLIO00E1D56 | B108: 0525325888 | C108: RTC DTL | D108: VA | E108: NA | H108: 33.111655 | I108: MARMT_ | J108: 0615059965 | K108: BOUAAKAZ , Opération Hadaiq Chrifia ,Numéro imm 120 Bat 7 | L108: =VLOOKUP(A108,#REF!,1,0) -> #REF!
A109: DTLI71143707 | B109: 0529758031 | C109: RTC DTL | D109: VA | E109: NA | H109: 33.035648 | I109: WNA_ | J109: 212660680385 | K109: BOUAAKAZ ,Bloc 16 ,Numéro 947 | L109: =VLOOKUP(A109,#REF!,1,0) -> #REF!
A110: DTLI71146791 | B110: 0529770662 | C110: RTC DTL | D110: VA | E110: NA | H110: 32.150926 | I110: WNA_ | J110: 212630359681 | K110: M'HAMID , Lotissement M hamid 7 ,Numéro 32 | L110: =VLOOKUP(A110,#REF!,1,0) -> #REF!
A111: DTLIO00E227D | B111: 0525326377 | C111: RTC DTL | D111: VA | E111: NA | H111: 32.096447 | I111: MARMT_ | J111: 0671881457 | K111: OPERATION DOHA BORJ AZZAYTOUN , Immeuble GH11-AO73 ,Numéro imm 73 Bat 11 | L111: =VLOOKUP(A111,#REF!,1,0) -> #REF!
A112: DTLI02223466 | B112: 0529592534 | C112: RTC DTL | D112: VA | E112: NA | F112: TB | H112: 31.850787 | I112: WNA_ | J112: 0666856212 | K112: M'HAMID , Dispenssaire M hamid ,Numéro 1 Porte SAID | L112: =VLOOKUP(A112,[2]MOTIF!$B:$F,5,0) -> #N/A
A113: DTLIO00E2456 | B113: 0525326527 | C113: RTC DTL | D113: VA | E113: NA | H113: 31.803993 | I113: MARMT_ | J113: 0663560555 | K113: M'HAMID , Jawharat M'haimid GH1 Imm 2 ,Numéro imm 1 Bat 21 | L113: =VLOOKUP(A113,[2]MOTIF!$B:$F,5,0) -> #N/A
A114: DTLIO00E283B | B114: 0525326864 | C114: RTC DTL | D114: VA | E114: NA | H114: 30.967141 | I114: MARMT_ | J114: 0631623910 | K114: M'HAMID ,Lotissement M'hamid 9 ,Numéro 725 | L114: =VLOOKUP(A114,#REF!,1,0) -> #REF!
A115: DTLIO00E2C96 | B115: 0525327231 | C115: RTC DTL | D115: VA | E115: NA | F115: TRSA | G115: TT Saturé Mha157 | H115: 29.968426 | I115: MARMT_ | J115: 0654207778 | K115: Province M'HAMID ,Lotissement Houman El Fetouaki ,Numéro 322 | L115: =VLOOKUP(A115,[2]MOTIF!$B:$F,5,0) -> #N/A
A116: DTLI71154555 | B116: 0529777062 | C116: RTC DTL | D116: VA | E116: NA | F116: TRSA | G116: TT Saturé Mha11 | H116: 29.921262 | I116: WNA_ | J116: 212629174402 | K116: M'HAMID ,Lotissement Nahda ,Numéro 1097 | L116: =VLOOKUP(A116,[2]MOTIF!$B:$F,5,0) -> #N/A
A117: DTLI71155350 | B117: 0529776934 | C117: RTC DTL | D117: VA | E117: NA | H117: 29.699572 | I117: WNA_ | J117: 0616038664 | K117: OPERATION AL ITTIFAQ ,Immeuble A3 ,Numéro 12 | L117: =VLOOKUP(A117,#REF!,1,0) -> #REF!
A118: DTLIO00E2D7C | B118: 0525327299 | C118: RTC DTL | D118: VA | E118: NA | H118: 29.190498 | I118: MARMT_ | J118: 0661638806 | K118: M'HAMID ,Lotissement Al Amane ,Numéro 341 Bat 15 | L118: =VLOOKUP(A118,#REF!,1,0) -> #REF!
A119: DTLI71156194 | B119: 0529778220 | C119: RTC DTL | D119: VA | E119: NA | H119: 29.097928 | I119: WNA_ | J119: 0611171699 | K119: M'HAMID , Ain Souna Imm A1 ,Numéro imm A7 Bat 12 | L119: =VLOOKUP(A119,#REF!,1,0) -> #REF!
A120: 99668028 | B120: 0524372507 | C120: RTC | D120: VA | E120: NA | F120: TRSA | G120: TT SaturÃ© Mha152 | H120: 28.948692 | I120: ABRAR VISION | J120: 0663088446 | K120: M'HAMID ,Les jardins d Abrar GH1-Imm8 ,Numéro 49
A121: 99668760 | B121: 0524208087 | C121: RTC | D121: VA | E121: NA | H121: 28.89456 | I121: TOUILIISMAIL | J121: 0621116098 | K121: M'HAMID ,Résidence Noha Imm 2 ,Numéro 1
A122: DTLIO00E31E9 | B122: 0525327632 | C122: RTC DTL | D122: VA | E122: NA | F122: TRSA | G122: TT Saturé Mha143 | H122: 28.86191 | I122: MARMT_ | J122: 0721144144 | K122: BOUAAKAZ , Lotissement Les Jardins Chrifia ,Numéro imm 92 Bat 9 | L122: =VLOOKUP(A122,[2]MOTIF!$B:$F,5,0) -> #N/A
A123: DTLI71156919 | B123: 0529778859 | C123: RTC DTL | D123: VA | E123: NA | H123: 28.84706 | I123: WNA_ | J123: 212637388644 | K123: M'HAMID ,Ain Souna Imm C4 ,Numéro 3 | L123: =VLOOKUP(A123,#REF!,1,0) -> #REF!
A124: DTLIO00E340B | B124: 0525502174 | C124: RTC DTL | D124: VA | E124: NA | F124: TRSA | G124: TT Saturé Mha157 | H124: 28.094178 | I124: MARMT_ | J124: 0662152598 | K124: M'HAMID ,Lotissement Houman El Fetouaki ,Numéro 336 Bat 15 | L124: =VLOOKUP(A124,[2]MOTIF!$B:$F,5,0) -> #N/A
A125: DTLI71160239 | B125: 0529775332 | C125: RTC DTL | D125: VA | E125: NA | H125: 28.000752 | I125: WNA_ | J125: 0671816189 | K125: BOUAAKAZ ,Lotissement Zerktouni ,Porte 1085 | L125: =VLOOKUP(A125,#REF!,1,0) -> #REF!
A126: DTLI02223928 | B126: 0529596059 | C126: RTC DTL | D126: VA | E126: NA | H126: 27.90963 | I126: WNA_ | J126: 212674294294 | K126: M'HAMID , Opération les Jardins d'Anas Imm R ,Numéro 9 | L126: =VLOOKUP(A126,#REF!,1,0) -> #REF!
A127: DTLI71160547 | B127: 0529779827 | C127: RTC DTL | D127: VA | E127: NA | H127: 27.875556 | I127: WNA_ | J127: 212678868644 | K127: M'HAMID , Opération El Bahja ,Numéro 2 Porte SAID | L127: =VLOOKUP(A127,#REF!,1,0) -> #REF!
A128: DTLIO00E366D | B128: 0525328000 | C128: RTC DTL | D128: VA | E128: NA | H128: 27.041134 | I128: MARMT_ | J128: 0526254897 | K128: GUELIZ ,Voie Inconnue ,Numéro SN Bat 15 | L128: =VLOOKUP(A128,[2]MOTIF!$B:$F,5,0) -> #N/A
A129: 99672070 | B129: 0524371638 | C129: RTC | D129: VA | E129: TL | F129: TRSA | G129: TR saturÃ© mha:143 | H129: 26.214456 | I129: CHAWKIHICHAM | J129: 000000000 | K129: BOUAAKAZ ,Opération Jardins Chrifia Imm 152 ,Numéro 8
A130: DTLI71162707 | B130: 0529780312 | C130: RTC DTL | D130: VA | E130: NA | F130: TRSA | G130: DTLI71162707 | H130: 25.928681 | I130: WNA_ | J130: 212630440770 | K130: Province M'HAMID ,Lotissement Houman El Fetouaki ,Numéro 341 | L130: =VLOOKUP(A130,[2]MOTIF!$B:$F,5,0) -> #N/A
A131: DTLI71162707 | B131: 0529780312 | C131: RTC DTL | D131: VA | E131: NA | F131: TRSA | G131: TT Saturé Mha157 | H131: 25.928681 | I131: WNA_ | J131: 212630440770 | K131: Province M'HAMID ,Lotissement Houman El Fetouaki ,Numéro 341 | L131: =VLOOKUP(A131,[2]MOTIF!$B:$F,5,0) -> #N/A
A132: DTLI71162716 | B132: 0529481931 | C132: RTC DTL | D132: VA | E132: NA | F132: TRSA | G132: TT Saturé Mha157 | H132: 25.927535 | I132: WNA_ | J132: 0771975474 | K132: M'HAMID ,Lotissement Houman El Fetouaki ,Numéro 12 Porte 22 | L132: =VLOOKUP(A132,[2]MOTIF!$B:$F,5,0) -> #N/A
A133: DTLI71162752 | B133: 0529780580 | C133: RTC DTL | D133: VA | E133: NA | H133: 25.921319 | I133: WNA_ | J133: 212673781888 | K133: M'HAMID , Lotissement M hamid 7 ,Numéro 64 | L133: =VLOOKUP(A133,#REF!,1,0) -> #REF!
A134: DFOIM00MB58VEVN | B134: 0525328223 | C134: GPON DFO | D134: VA | E134: NA | F134: POT | G134: ISOTECH le 17/06/2025 11:34 -Nécessite 6 Poteaux | H134: 25.910625 | I134: MARMT_ | J134: 0647596254 | K134: M'HAMID ,Ain Souna Imm A3 ,Numéro -2
A135: DTLI71162816 | B135: 0529781059 | C135: RTC DTL | D135: VA | E135: NA | H135: 25.906262 | I135: WNA_ | J135: 0716029669 | K135: M'HAMID , Ain Souna Imm A1 ,Numéro imm 2 Bat 12 | L135: =VLOOKUP(A135,#REF!,1,0) -> #REF!
A136: DTLI71162899 | B136: 0529780693 | C136: RTC DTL | D136: VA | E136: NA | H136: 25.888935 | I136: WNA_ | J136: 212666466504 | K136: Province M'HAMID ,Lotissement M'hamid 9 ,Numéro 756 | L136: =VLOOKUP(A136,#REF!,1,0) -> #REF!
A137: DTLIO00E3AAB | B137: 0525327934 | C137: RTC DTL | D137: VA | E137: NA | F137: TRSA | G137: TT Saturé Mha144 | H137: 25.860914 | I137: MARMT_ | J137: 0766607853 | K137: BOUAAKAZ , Opération Hadaiq Chrifia ,Numéro imm 114 Bat 6 | L137: =VLOOKUP(A137,[2]MOTIF!$B:$F,5,0) -> #N/A
A138: DTLIO00E3AB6 | B138: 0525328334 | C138: RTC DTL | D138: VA | E138: NA | H138: 25.857118 | I138: MARMT_ | J138: 0661830444 | K138: M'HAMID ,Lotissement M hamid 5 ,Numéro 1264 | L138: =VLOOKUP(A138,#REF!,1,0) -> #REF!
...

Sheet SITUATION23
A1: N° Com. | B1: ND | C1: S. Produit | D1: Etat | E1: Op | F1: Motif | G1: com. motif | H1: Délai(j) | I1: Intitulé client | J1: Contact client | K1: Adresse | L1: A
A2: DTLI70641411 | B2: 0529418093 | C2: RTC DTL | D2: VA | E2: NA | H2: 215.51404 | I2: WNA_ | J2: 0641373034 | K2: M'HAMID ,Lotissement Al Housna ,Porte 372 | L2: =VLOOKUP(A2,#REF!,1,0) -> #REF!
A3: DTLI70727850 | B3: 0529609744 | C3: RTC DTL | D3: VA | E3: NA | F3: CRI | H3: 190.394 | I3: WNA_ | J3: 0671369895 | K3: BOUAAKAZ , Opération Bahia Sakane Imm 64 ,Numéro 19 | L3: =VLOOKUP(A3,#REF!,1,0) -> #REF!
A4: DTLI70734641 | B4: 0529647012 | C4: RTC DTL | D4: VA | E4: NA | H4: 187.44848 | I4: WNA_ | J4: 0708917890 | K4: M'HAMID , Les jardins d Abrar GH3-Imm28 ,Numéro 29 | L4: =VLOOKUP(A4,#REF!,1,0) -> #REF!
A5: DTLIO00BBED7 | B5: 0520960948 | C5: RTC DTL | D5: VA | E5: NA | H5: 181.85681 | I5: MARMT_ | J5: 0641080135 | K5: M'HAMID , Lotissement Berradi II ,Numéro 493 | L5: =VLOOKUP(A5,#REF!,1,0) -> #REF!
A6: DTLI70808185 | B6: 0529580630 | C6: RTC DTL | D6: VA | E6: NA | H6: 162.71029 | I6: WNA_ | J6: 0626972101 | K6: M'HAMID , Bloc 19 ,Numéro 725 | L6: =VLOOKUP(A6,#REF!,1,0) -> #REF!
A7: DTLI70815011 | B7: 0529591519 | C7: RTC DTL | D7: VA | E7: NA | H7: 160.55164 | I7: WNA_ | J7: 0624096534 | K7: M'HAMID , Op Abwab Al Atlas Imm B3 ,Numéro 40 | L7: =VLOOKUP(A7,#REF!,1,0) -> #REF!
A8: DTLI70822536 | B8: 0529410591 | C8: RTC DTL | D8: VA | E8: NA | H8: 157.76645 | I8: WNA_ | J8: 0696365109 | K8: BOUAAKAZ ,Bloc 12 ,Numéro 583 | L8: =VLOOKUP(A8,#REF!,1,0) -> #REF!
A9: DTLI70823120 | B9: 0529429466 | C9: RTC DTL | D9: VA | E9: NA | H9: 157.64941 | I9: WNA_ | J9: 212661744871 | K9: BOUAAKAZ , Opération Bahia Sakane Imm 73 ,Numéro 1065 | L9: =VLOOKUP(A9,#REF!,1,0) -> #REF!
A10: DTLI70831392 | B10: 0529432499 | C10: RTC DTL | D10: VA | E10: NA | H10: 155.5137 | I10: WNA_ | J10: 0694778288 | K10: Province M'HAMID ,Opération les Jardins d'Anas Imm E1 ,Numéro 18 | L10: =VLOOKUP(A10,#REF!,1,0) -> #REF!
A11: DTLI70834878 | B11: 0529440893 | C11: RTC DTL | D11: VA | E11: NA | H11: 153.41338 | I11: WNA_ | J11: 212661940825 | K11: M'HAMID , Opération Diour Atlas Imm V ,Numéro 11 Bat imm w | L11: =VLOOKUP(A11,#REF!,1,0) -> #REF!
A12: DTLI70848819 | B12: 0529445356 | C12: RTC DTL | D12: VA | E12: NA | H12: 149.52778 | I12: WNA_ | J12: 0669334904 | K12: M'HAMID , Les jardins d Abrar GH5-Imm47 ,Numéro 5 | L12: =VLOOKUP(A12,#REF!,1,0) -> #REF!
A13: DTLI70855365 | B13: 0529447317 | C13: RTC DTL | D13: VA | E13: NA | H13: 146.78069 | I13: WNA_ | J13: 212670423087 | K13: M'HAMID ,Lotissement Saada 2 ,Numéro 863 | L13: =VLOOKUP(A13,#REF!,1,0) -> #REF!
A14: DTLIO00C5AD5 | B14: 0525294318 | C14: RTC DTL | D14: VA | E14: NA | H14: 146.53642 | I14: MARMT_ | J14: 0684466786 | K14: M'HAMID , Opération Diour Atlas Imm J ,Numéro 12 Bat IMM V | L14: =VLOOKUP(A14,#REF!,1,0) -> #REF!
A15: DTLIO00C5738 | B15: 0525294069 | C15: RTC DTL | D15: VA | E15: NA | H15: 145.89638 | I15: MARMT_ | J15: 0634669071 | K15: M'HAMID ,Opération Al Bassatine Bloc A ,Numéro 1 Bat 15 | L15: =VLOOKUP(A15,#REF!,1,0) -> #REF!
... A42: DTLI70994638 | B42: 0529712093 | C42: RTC DTL | D42: VA | E42: NA | H42: 97.706748 | I42: WNA_ | J42: 0648684341 | K42: M'HAMID ,Bloc 26 ,Numéro 1191 | L42: =VLOOKUP(A42,#REF!,1,0) -> #REF!
A43: 99407301 | B43: 0524379905 | C43: RTC | D43: VA | E43: NA | F43: EBST | H43: 96.864907 | I43: AOUTARABDELALI | J43: 0661746605 | K43: M'HAMID ,Bassatine Mrkch GH4-Imm 20U Mhamid9 ,Numéro 5 Etage 3
A44: DTLI70996673 | B44: 0529712877 | C44: RTC DTL | D44: VA | E44: NA | H44: 96.777581 | I44: WNA_ | J44: 212635710367 | K44: M'HAMID , Opération Salama GHI-Imm3 ,Numéro 3 Bat BLOC H IMM 03 | L44: =VLOOKUP(A44,#REF!,1,0) -> #REF!
A45: DTLI70997241 | B45: 0529713551 | C45: RTC DTL | D45: VA | E45: NA | H45: 96.707604 | I45: WNA_ | J45: 0657162022 | K45: M'HAMID ,Lotissement Al Housna ,Numéro 464 | L45: =VLOOKUP(A45,#REF!,1,0) -> #REF!
A46: DTLI70998954 | B46: 0529714279 | C46: RTC DTL | D46: VA | E46: NA | H46: 95.790544 | I46: WNA_ | J46: 212660971142 | K46: M'HAMID ,Lotissement Saada 1 ,Numéro 445 | L46: =VLOOKUP(A46,#REF!,1,0) -> #REF!
A47: DTLI71003402 | B47: 0529715890 | C47: RTC DTL | D47: VA | E47: NA | H47: 94.348056 | I47: WNA_ | J47: 0601409696 | K47: M'HAMID , Lotissement M hamid 2 ,Numéro 1564 | L47: =VLOOKUP(A47,#REF!,1,0) -> #REF!
A48: DTLI71014644 | B48: 0529719258 | C48: RTC DTL | D48: VA | E48: NA | H48: 89.384537 | I48: WNA_ | J48: 0663298214 | K48: BOUAAKAZ , Voie Inconnue ,Numéro RES KORTOBA IMM F N 8 | L48: =VLOOKUP(A48,#REF!,1,0) -> #REF!
A49: DTLI71030474 | B49: 0529724741 | C49: RTC DTL | D49: VA | E49: NA | H49: 80.819919 | I49: WNA_ | J49: 212632774634 | K49: M'HAMID , Lotissement M'hamid 9 ,Numéro 509 | L49: =VLOOKUP(A49,#REF!,1,0) -> #REF!
A50: DTLI71034419 | B50: 0529726562 | C50: RTC DTL | D50: VA | E50: NA | H50: 79.543125 | I50: WNA_ | J50: 0616242750 | K50: M'HAMID , Opération Abwab Al Atlas Imm B6 ,Numéro 11 Bat IMM B9 | L50: =VLOOKUP(A50,#REF!,1,0) -> #REF!
A51: DTLI71036742 | B51: 0529728168 | C51: RTC DTL | D51: VA | E51: NA | H51: 78.395486 | I51: WNA_ | J51: 0626372353 | K51: M'HAMID ,Lotissement M hamid 4 ,Numéro 499 | L51: =VLOOKUP(A51,#REF!,1,0) -> #REF!
A52: DTLI02206624 | B52: 0529715759 | C52: RTC DTL | D52: VA | E52: NA | H52: 75.622558 | I52: WNA_ | J52: 212667237667 | K52: M'HAMID , Lotissement M hamid 2 ,Numéro 24 | L52: =VLOOKUP(A52,#REF!,1,0) -> #REF!
A53: 99482279 | B53: 0524361444 | C53: RTC | D53: VA | E53: TR | H53: 73.922211 | I53: EDDACHRAOUIFATIMA | J53: 000000000 | K53: M'HAMID ,Op-Jardins des Orangier Imm D2 ,Etage 1 Porte 8
A54: DTLI71045690 | B54: 0529717351 | C54: RTC DTL | D54: VA | E54: NA | H54: 73.861748 | I54: WNA_ | J54: 0701201631 | K54: M'HAMID ,Lotissement Adrar I ,Numéro 60 | L54: =VLOOKUP(A54,#REF!,1,0) -> #REF!
A55: DTLI02206981 | B55: 0529737462 | C55: RTC DTL | D55: VA | E55: NA | H55: 69.516019 | I55: WNA_ | J55: 212630870058 | K55: M'HAMID ,Lotissement Saada 1 ,Numéro 368 | L55: =VLOOKUP(A55,#REF!,1,0) -> #REF!
A56: DTLI71057362 | B56: 0529720428 | C56: RTC DTL | D56: VA | E56: NA | F56: TRSA | G56: TR saturé Mha:142 | H56: 69.46044 | I56: WNA_ | J56: 212663804910 | K56: BOUAAKAZ , Opération Bahia Sakane Imm 69 ,Numéro 3220 | L56: =VLOOKUP(A56,#REF!,1,0) -> #REF!
A57: DTLI71065037 | B57: 0529740107 | C57: RTC DTL | D57: VA | E57: NA | H57: 67.557326 | I57: WNA_ | J57: 0662845144 | K57: OPERATION DOHA BORJ AZZAYTOUN , Immeuble GH01-004 ,Numéro imm 4 Bat 10 | L57: =VLOOKUP(A57,#REF!,1,0) -> #REF!
A58: DTLIO00DA619 | B58: 0525316158 | C58: RTC DTL | D58: VA | E58: NA | H58: 66.827905 | I58: MARMT_ | J58: 0615334752 | K58: M'HAMID ,Résidence Noha GH3 Imm 4 ,Numéro 45 Bat 15 | L58: =VLOOKUP(A58,#REF!,1,0) -> #REF!
A59: DTLI71068038 | B59: 0529590306 | C59: RTC DTL | D59: VA | E59: NA | H59: 66.816076 | I59: WNA_ | J59: 212661183621 | K59: M'HAMID , Opération les Jardins d'Anas ,Numéro imm o Bat 1 | L59: =VLOOKUP(A59,#REF!,1,0) -> #REF!
A60: DTLI71070897 | B60: 0529440699 | C60: RTC DTL | D60: VA | E60: NA | H60: 65.803194 | I60: WNA_ | J60: 0771555499 | K60: M'HAMID ,Lotissement M'hamid 9 ,Numéro 74 | L60: =VLOOKUP(A60,#REF!,1,0) -> #REF!
A61: DTLI71074202 | B61: 0529744104 | C61: RTC DTL | D61: VA | E61: NA | H61: 64.669097 | I61: WNA_ | J61: 0662778805 | K61: M'HAMID ,Lotissement M hamid 5 ,Numéro 1066 | L61: =VLOOKUP(A61,#REF!,1,0) -> #REF!
A62: DTLI71078058 | B62: 0529737599 | C62: RTC DTL | D62: VA | E62: NA | H62: 62.544155 | I62: WNA_ | J62: 212626288009 | K62: M'HAMID , Opération El Bahja ,Numéro 9 | L62: =VLOOKUP(A62,#REF!,1,0) -> #REF!
A63: DTLIO00DBB63 | B63: 0525317504 | C63: RTC DTL | D63: VA | E63: NA | H63: 61.622454 | I63: MARMT_ | J63: 0670417703 | K63: M'HAMID ,Lotissement Maatallah ,Numéro 2257 Bat 15 | L63: =VLOOKUP(A63,#REF!,1,0) -> #REF!
A64: DTLI71081239 | B64: 0529744272 | C64: RTC DTL | D64: VA | E64: NA | H64: 60.869572 | I64: WNA_ | J64: 212696175750 | K64: M'HAMID , Opération Borj Ali Imm A M'hamid 9 ,Numéro 5 | L64: =VLOOKUP(A64,#REF!,1,0) -> #REF!
A65: DTLI71082468 | B65: 0529451947 | C65: RTC DTL | D65: VA | E65: NA | H65: 60.62316 | I65: WNA_ | J65: 0666732403 | K65: M'HAMID ,Lotissement Maatallah ,Numéro 74 | L65: =VLOOKUP(A65,#REF!,1,0) -> #REF!
A66: DTLI71086760 | B66: 0529751247 | C66: RTC DTL | D66: VA | E66: NA | H66: 59.638287 | I66: WNA_ | J66: 0633211649 | K66: M'HAMID , Lotissement Berradi II ,Numéro 610 | L66: =VLOOKUP(A66,#REF!,1,0) -> #REF!
A67: DTLIO00DC6B5 | B67: 0525318295 | C67: RTC DTL | D67: VA | E67: NA | H67: 58.858368 | I67: MARMT_ | J67: 0767644178 | K67: BOUAAKAZ ,Lotissement Zerktouni ,Numéro 976 Bat 15 | L67: =VLOOKUP(A67,#REF!,1,0) -> #REF!
A68: DTLI71088197 | B68: 0529750638 | C68: RTC DTL | D68: VA | E68: NA | H68: 58.857789 | I68: WNA_ | J68: 212606166875 | K68: M'HAMID ,Lotissement M'hamid 9 ,Numéro 1124 | L68: =VLOOKUP(A68,#REF!,1,0) -> #REF!
... A75: DTLIO00DDF13 | B75: 0525320345 | C75: RTC DTL | D75: VA | E75: NA | H75: 51.842535 | I75: MARMT_ | J75: 0607032971 | K75: M'HAMID ,Lotissement Berradi II ,Numéro 191 Bat 15 | L75: =VLOOKUP(A75,#REF!,1,0) -> #REF!
A76: 99569569 | B76: 0524372628 | C76: RTC | D76: VA | E76: NA | F76: BZND | H76: 51.625671 | I76: ESSAHELOUAFA | J76: 0684912395 | K76: M'HAMID ,Opération El Bahja ,Numéro 10
A77: DTLIO00DE1CA | B77: 0525320651 | C77: RTC DTL | D77: VA | E77: NA | H77: 51.607002 | I77: MARMT_ | J77: 0644780058 | K77: M'HAMID , Lotissement Saada 2 ,Numéro 1717 | L77: =VLOOKUP(A77,#REF!,1,0) -> #REF!
A78: DTLIO00DE079 | B78: 0525320421 | C78: RTC DTL | D78: VA | E78: NA | H78: 50.924363 | I78: MARMT_ | J78: 0783882579 | K78: M'HAMID ,Lotissement M'hamid 9 ,Numéro 709 | L78: =VLOOKUP(A78,#REF!,1,0) -> #REF!
A79: DTLIO00DDE05 | B79: 0525320256 | C79: RTC DTL | D79: VA | E79: NA | H79: 50.923704 | I79: MARMT_ | J79: 0634669071 | K79: M'HAMID , Bassatine Mrkch GH11 ,Numéro imm 4 Bat 6 | L79: =VLOOKUP(A79,#REF!,1,0) -> #REF!
A80: DTLIO00DE3C6 | B80: 0525320877 | C80: RTC DTL | D80: VA | E80: NA | H80: 50.913912 | I80: MARMT_ | J80: 0698415124 | K80: M'HAMID , Opération Alittifaq ,Numéro IMM J Bat 12 | L80: =VLOOKUP(A80,#REF!,1,0) -> #REF!
A81: DTLI71107344 | B81: 0529759152 | C81: RTC DTL | D81: VA | E81: NA | H81: 49.595579 | I81: WNA_ | J81: 212602145234 | K81: BOUAAKAZ , Opération Miftah Atlass Imm 01 ,Numéro 2 | L81: =VLOOKUP(A81,#REF!,1,0) -> #REF!
A82: DTLIO00DE768 | B82: 0525321126 | C82: RTC DTL | D82: VA | E82: NA | H82: 48.902303 | I82: MARMT_ | J82: 0654894247 | K82: MARRAKECH MEDINA ,MARRAKECH MEDINA ,Quartier Inconnue ,Voie Inconnue ,Numéro 492 Bat 16 | L82: =VLOOKUP(A82,#REF!,1,0) -> #REF!
A83: DTLI71108239 | B83: 0529755943 | C83: RTC DTL | D83: VA | E83: NA | H83: 48.767176 | I83: WNA_ | J83: 212635552764 | K83: M'HAMID , Lotissement M hamid 7 ,Numéro 30 | L83: =VLOOKUP(A83,#REF!,1,0) -> #REF!
A84: DTLIO00DEAA0 | B84: 0525321362 | C84: RTC DTL | D84: VA | E84: NA | H84: 48.606458 | I84: MARMT_ | J84: 0710369110 | K84: M'HAMID ,Lotissement Saada 2 ,Numéro 854 Bat 15 | L84: =VLOOKUP(A84,#REF!,1,0) -> #REF!
A85: DTLIO00DEBDC | B85: 0525321374 | C85: RTC DTL | D85: VA | E85: NA | H85: 48.488889 | I85: MARMT_ | J85: 0680674060 | K85: M'HAMID ,Lotissement Maatallah ,Numéro 425 Bat 15 | L85: =VLOOKUP(A85,#REF!,1,0) -> #REF!
A86: DTLI71110381 | B86: 0529759244 | C86: RTC DTL | D86: VA | E86: NA | H86: 48.315428 | I86: WNA_ | J86: 0696987149 | K86: OPERATION DOHA BORJ AZZAYTOUN , Mag Opération Doha Borj Azzaytoun ,Numéro 294 | L86: =VLOOKUP(A86,#REF!,1,0) -> #REF!
A87: DTLI71111929 | B87: 0529761384 | C87: RTC DTL | D87: VA | E87: NA | H87: 47.665035 | I87: WNA_ | J87: 212603261426 | K87: M'HAMID ,Lotissement Al Housna ,Numéro 320 | L87: =VLOOKUP(A87,#REF!,1,0) -> #REF!
A88: DTLI71112073 | B88: 0529759581 | C88: RTC DTL | D88: VA | E88: NA | H88: 47.637118 | I88: WNA_ | J88: 212622632210 | K88: M'HAMID ,Lotissement Al Housna ,Numéro 146 | L88: =VLOOKUP(A88,#REF!,1,0) -> #REF!
... A95: DTLIO00DF940 | B95: 0525322526 | C95: RTC DTL | D95: VA | E95: NA | H95: 45.533414 | I95: MARMT_ | J95: 0603822020 | K95: M'HAMID ,Lotissement Nahda ,Numéro 518 | L95: =VLOOKUP(A95,#REF!,1,0) -> #REF!
A96: DTLI71121698 | B96: 0529765307 | C96: RTC DTL | D96: VA | E96: NA | F96: CSEC | G96: msn doha 3 sature | H96: 43.588299 | I96: WNA_ | J96: 212658211025 | K96: OPERATION DOHA ,Voie Inconnue , | L96: =VLOOKUP(A96,[2]MOTIF!$B:$F,5,0) -> #N/A
A97: DTLI71122646 | B97: 0529765255 | C97: RTC DTL | D97: VA | E97: NA | H97: 42.525405 | I97: WNA_ | J97: 212719524243 | K97: M'HAMID ,Lotissement M hamid 7 ,Numéro 506 | L97: =VLOOKUP(A97,#REF!,1,0) -> #REF!
A98: DTLI71123851 | B98: 0529766065 | C98: RTC DTL | D98: VA | E98: NA | H98: 41.670926 | I98: WNA_ | J98: 0604305132 | K98: BOUAAKAZ ,Lotissement Zerktouni ,Numéro 631 | L98: =VLOOKUP(A98,#REF!,1,0) -> #REF!
A99: 99616515 | B99: 0524206911 | C99: RTC | D99: VA | E99: RM | H99: 41.652407 | I99: ABOURIALKHADIJA | J99: 0630648780 | K99: M'HAMID ,Les jardins d Abrar GH6-Imm53 ,Numéro 12
A100: DTLI71124249 | B100: 0529766611 | C100: RTC DTL | D100: VA | E100: NA | H100: 41.596123 | I100: WNA_ | J100: 212666452864 | K100: M'HAMID , Opération El Bahja Imm 16 ,Numéro 16 | L100: =VLOOKUP(A100,#REF!,1,0) -> #REF!
A101: DTLIO00E0425 | B101: 0525323624 | C101: RTC DTL | D101: VA | E101: NA | H101: 40.555972 | I101: MARMT_ | J101: 0620309026 | K101: M'HAMID , Opération Eddarraz Imm 94 ,Numéro 6 Bat IMM 95 | L101: =VLOOKUP(A101,#REF!,1,0) -> #REF!
A102: DTLIO00DE707 | B102: 0525321080 | C102: RTC DTL | D102: VA | E102: NA | F102: TRSA | G102: TT Satué Mha11 | H102: 38.746794 | I102: MARMT_ | J102: 0640447116 | K102: SIDI YOUSSEF BEN ALI ,HARBIL ,TAMANSOURTE ,Riad Atlas ,Numéro Bat 17 | L102: =VLOOKUP(A102,[2]MOTIF!$B:$F,5,0) -> #N/A
A103: DTLI71138243 | B103: 0529770402 | C103: RTC DTL | D103: VA | E103: NA | H103: 37.661956 | I103: WNA_ | J103: 212609184042 | K103: M'HAMID ,Lotissement M hamid 4 ,Numéro 287 | L103: =VLOOKUP(A103,#REF!,1,0) -> #REF!
A104: DTLI71138250 | B104: 0529770480 | C104: RTC DTL | D104: VA | E104: NA | H104: 37.660718 | I104: WNA_ | J104: 212676725369 | K104: BOUAAKAZ ,Bloc 16 ,Numéro 912 | L104: =VLOOKUP(A104,#REF!,1,0) -> #REF!
A105: DTLIO00E1AA5 | B105: 0525325690 | C105: RTC DTL | D105: VA | E105: NA | H105: 36.722986 | I105: MARMT_ | J105: 0606555555 | K105: M'HAMID ,Résidence Izdihar 2 Imm 8 Mhamid 9 ,Numéro 14 Bat 15 | L105: =VLOOKUP(A105,#REF!,1,0) -> #REF!
A106: DTLI71140118 | B106: 0529771561 | C106: RTC DTL | D106: VA | E106: NA | H106: 36.719028 | I106: WNA_ | J106: 212604959583 | K106: M'HAMID , Opération les Jardins d'Anas Imm I ,Numéro 8 | L106: =VLOOKUP(A106,#REF!,1,0) -> #REF!
A107: DTLI71140259 | B107: 0529771793 | C107: RTC DTL | D107: VA | E107: NA | H107: 36.651794 | I107: WNA_ | J107: 212671607081 | K107: M'HAMID , Opération Badr 2 Imm 1 ,Numéro 8 | L107: =VLOOKUP(A107,#REF!,1,0) -> #REF!
A108: DTLIO00E1D56 | B108: 0525325888 | C108: RTC DTL | D108: VA | E108: NA | H108: 34.823368 | I108: MARMT_ | J108: 0615059965 | K108: BOUAAKAZ , Opération Hadaiq Chrifia ,Numéro imm 120 Bat 7 | L108: =VLOOKUP(A108,#REF!,1,0) -> #REF!
A109: DTLI71143707 | B109: 0529758031 | C109: RTC DTL | D109: VA | E109: NA | H109: 34.747361 | I109: WNA_ | J109: 212660680385 | K109: BOUAAKAZ ,Bloc 16 ,Numéro 947 | L109: =VLOOKUP(A109,#REF!,1,0) -> #REF!
A110: DTLI71146791 | B110: 0529770662 | C110: RTC DTL | D110: VA | E110: NA | H110: 33.862639 | I110: WNA_ | J110: 212630359681 | K110: M'HAMID , Lotissement M hamid 7 ,Numéro 32 | L110: =VLOOKUP(A110,#REF!,1,0) -> #REF!
A111: DTLIO00E227D | B111: 0525326377 | C111: RTC DTL | D111: VA | E111: NA | H111: 33.80816 | I111: MARMT_ | J111: 0671881457 | K111: OPERATION DOHA BORJ AZZAYTOUN , Immeuble GH11-AO73 ,Numéro imm 73 Bat 11 | L111: =VLOOKUP(A111,#REF!,1,0) -> #REF!
A112: DTLI02223466 | B112: 0529592534 | C112: RTC DTL | D112: VA | E112: NA | F112: TB | H112: 33.5625 | I112: WNA_ | J112: 0666856212 | K112: M'HAMID , Dispenssaire M hamid ,Numéro 1 Porte SAID | L112: =VLOOKUP(A112,[2]MOTIF!$B:$F,5,0) -> #N/A
A113: DTLIO00E2456 | B113: 0525326527 | C113: RTC DTL | D113: VA | E113: NA | H113: 33.515706 | I113: MARMT_ | J113: 0663560555 | K113: M'HAMID , Jawharat M'haimid GH1 Imm 2 ,Numéro imm 1 Bat 21 | L113: =VLOOKUP(A113,[2]MOTIF!$B:$F,5,0) -> #N/A
A114: DTLIO00E283B | B114: 0525326864 | C114: RTC DTL | D114: VA | E114: NA | H114: 32.678854 | I114: MARMT_ | J114: 0631623910 | K114: M'HAMID ,Lotissement M'hamid 9 ,Numéro 725 | L114: =VLOOKUP(A114,#REF!,1,0) -> #REF!
A115: DTLIO00E2C96 | B115: 0525327231 | C115: RTC DTL | D115: VA | E115: NA | F115: TRSA | G115: TT Saturé Mha157 | H115: 31.680139 | I115: MARMT_ | J115: 0654207778 | K115: Province M'HAMID ,Lotissement Houman El Fetouaki ,Numéro 322 | L115: =VLOOKUP(A115,[2]MOTIF!$B:$F,5,0) -> #N/A
A116: DTLI71154555 | B116: 0529777062 | C116: RTC DTL | D116: VA | E116: NA | F116: TRSA | G116: TT Saturé Mha11 | H116: 31.632975 | I116: WNA_ | J116: 212629174402 | K116: M'HAMID ,Lotissement Nahda ,Numéro 1097 | L116: =VLOOKUP(A116,[2]MOTIF!$B:$F,5,0) -> #N/A
A117: DTLI71155350 | B117: 0529776934 | C117: RTC DTL | D117: VA | E117: NA | H117: 31.411285 | I117: WNA_ | J117: 0616038664 | K117: OPERATION AL ITTIFAQ ,Immeuble A3 ,Numéro 12 | L117: =VLOOKUP(A117,#REF!,1,0) -> #REF!
A118: DTLIO00E2D7C | B118: 0525327299 | C118: RTC DTL | D118: VA | E118: NA | H118: 30.902211 | I118: MARMT_ | J118: 0661638806 | K118: M'HAMID ,Lotissement Al Amane ,Numéro 341 Bat 15 | L118: =VLOOKUP(A118,#REF!,1,0) -> #REF!
A119: DTLI71156194 | B119: 0529778220 | C119: RTC DTL | D119: VA | E119: NA | H119: 30.809641 | I119: WNA_ | J119: 0611171699 | K119: M'HAMID , Ain Souna Imm A1 ,Numéro imm A7 Bat 12 | L119: =VLOOKUP(A119,#REF!,1,0) -> #REF!
A120: 99668028 | B120: 0524372507 | C120: RTC | D120: VA | E120: NA | F120: TRSA | G120: TT SaturÃ© Mha152 | H120: 30.660405 | I120: ABRAR VISION | J120: 0663088446 | K120: M'HAMID ,Les jardins d Abrar GH1-Imm8 ,Numéro 49
A121: 99668760 | B121: 0524208087 | C121: RTC | D121: VA | E121: NA | H121: 30.606273 | I121: TOUILIISMAIL | J121: 0621116098 | K121: M'HAMID ,Résidence Noha Imm 2 ,Numéro 1
A122: DTLIO00E31E9 | B122: 0525327632 | C122: RTC DTL | D122: VA | E122: NA | F122: TRSA | G122: TT Saturé Mha143 | H122: 30.573623 | I122: MARMT_ | J122: 0721144144 | K122: BOUAAKAZ , Lotissement Les Jardins Chrifia ,Numéro imm 92 Bat 9 | L122: =VLOOKUP(A122,[2]MOTIF!$B:$F,5,0) -> #N/A
A123: DTLI71156919 | B123: 0529778859 | C123: RTC DTL | D123: VA | E123: NA | H123: 30.558773 | I123: WNA_ | J123: 212637388644 | K123: M'HAMID ,Ain Souna Imm C4 ,Numéro 3 | L123: =VLOOKUP(A123,#REF!,1,0) -> #REF!
A124: DTLIO00E340B | B124: 0525502174 | C124: RTC DTL | D124: VA | E124: NA | F124: TRSA | G124: TT Saturé Mha157 | H124: 29.805891 | I124: MARMT_ | J124: 0662152598 | K124: M'HAMID ,Lotissement Houman El Fetouaki ,Numéro 336 Bat 15 | L124: =VLOOKUP(A124,[2]MOTIF!$B:$F,5,0) -> #N/A
A125: DTLI71160239 | B125: 0529775332 | C125: RTC DTL | D125: VA | E125: NA | H125: 29.712465 | I125: WNA_ | J125: 0671816189 | K125: BOUAAKAZ ,Lotissement Zerktouni ,Porte 1085 | L125: =VLOOKUP(A125,#REF!,1,0) -> #REF!
A126: DTLI02223928 | B126: 0529596059 | C126: RTC DTL | D126: VA | E126: NA | H126: 29.621343 | I126: WNA_ | J126: 212674294294 | K126: M'HAMID , Opération les Jardins d'Anas Imm R ,Numéro 9 | L126: =VLOOKUP(A126,#REF!,1,0) -> #REF!
A127: DTLI71160547 | B127: 0529779827 | C127: RTC DTL | D127: VA | E127: NA | H127: 29.587269 | I127: WNA_ | J127: 212678868644 | K127: M'HAMID , Opération El Bahja ,Numéro 2 Porte SAID | L127: =VLOOKUP(A127,#REF!,1,0) -> #REF!
A128: DTLIO00E366D | B128: 0525328000 | C128: RTC DTL | D128: VA | E128: NA | H128: 28.752847 | I128: MARMT_ | J128: 0526254897 | K128: GUELIZ ,Voie Inconnue ,Numéro SN Bat 15 | L128: =VLOOKUP(A128,[2]MOTIF!$B:$F,5,0) -> #N/A
A129: 99672070 | B129: 0524371638 | C129: RTC | D129: VA | E129: TL | F129: TRSA | G129: TR saturÃ© mha:143 | H129: 27.926169 | I129: CHAWKIHICHAM | J129: 000000000 | K129: BOUAAKAZ ,Opération Jardins Chrifia Imm 152 ,Numéro 8
A130: DTLI71162707 | B130: 0529780312 | C130: RTC DTL | D130: VA | E130: NA | F130: TRSA | G130: DTLI71162707 | H130: 27.640394 | I130: WNA_ | J130: 212630440770 | K130: Province M'HAMID ,Lotissement Houman El Fetouaki ,Numéro 341 | L130: =VLOOKUP(A130,[2]MOTIF!$B:$F,5,0) -> #N/A
A131: DTLI71162707 | B131: 0529780312 | C131: RTC DTL | D131: VA | E131: NA | F131: TRSA | G131: TT Saturé Mha157 | H131: 27.640394 | I131: WNA_ | J131: 212630440770 | K131: Province M'HAMID ,Lotissement Houman El Fetouaki ,Numéro 341 | L131: =VLOOKUP(A131,[2]MOTIF!$B:$F,5,0) -> #N/A
A132: DTLI71162716 | B132: 0529481931 | C132: RTC DTL | D132: VA | E132: NA | F132: TRSA | G132: TT Saturé Mha157 | H132: 27.639248 | I132: WNA_ | J132: 0771975474 | K132: M'HAMID ,Lotissement Houman El Fetouaki ,Numéro 12 Porte 22 | L132: =VLOOKUP(A132,[2]MOTIF!$B:$F,5,0) -> #N/A
A133: DTLI71162752 | B133: 0529780580 | C133: RTC DTL | D133: VA | E133: NA | H133: 27.633032 | I133: WNA_ | J133: 212673781888 | K133: M'HAMID , Lotissement M hamid 7 ,Numéro 64 | L133: =VLOOKUP(A133,#REF!,1,0) -> #REF!
A134: DFOIM00MB58VEVN | B134: 0525328223 | C134: GPON DFO | D134: VA | E134: NA | F134: POT | G134: ISOTECH le 17/06/2025 11:34 -Nécessite 6 Poteaux | H134: 27.622338 | I134: MARMT_ | J134: 0647596254 | K134: M'HAMID ,Ain Souna Imm A3 ,Numéro -2
A135: DTLI71162816 | B135: 0529781059 | C135: RTC DTL | D135: VA | E135: NA | H135: 27.617975 | I135: WNA_ | J135: 0716029669 | K135: M'HAMID , Ain Souna Imm A1 ,Numéro imm 2 Bat 12 | L135: =VLOOKUP(A135,#REF!,1,0) -> #REF!
